UF,CNPJ,CEP,IE,FLAGS,IND_ORGAO_GOVERNAMENTAL,COD_NATUREZA_JURIDICA,TICO_CODIGO,ENTE_FEDERATIVO,INSCR_SUFRAMA
SP,1.30394E+13,6440185,ISENTO,,N,,6,,
PR,8.68892E+12,83402335,9039849965,,N,2062,3,,
RJ,3.67169E+13,21530000,11696678,REV,N,,3,,
MG,38911,39960000,ISENTO,,S,2038,6,UNIAO,
SP,5.66374E+13,11730000,45916300000000000,,N,,3,,
SC,4.10035E+13,89010380,ISENTO,GOVORD,N,,6,,
RS,8.80992E+13,98325000,ISENTO,,N,,6,,
PA,2.69518E+13,68501335,156534959,,N,2062,3,,
RS,7.80364E+12,96015420,0930384261,,N,2062,3,,
PE,3.32001E+13,56304160,049002945,,N,2054,3,,
MG,4.15619E+12,37640000,251363000000000000,REV,N,2062,3,,
PR,9.60272E+12,80010010,ISENTO,,N,2054,6,,
SP,6.15811E+13,3119001,10377300000000000,,N,,3,,
SP,1.02015E+13,4220001,13013200000000000,,N,,3,,
RJ,2.01286E+12,20021340,84328820,GOVORD,N,,3,,
GO,7.1844E+12,75405085,103866078,,N,,3,,
GO,4.03071E+13,75083180,108200892,,N,,3,,
SP,5.91045E+13,9950905,28600300000000000,,N,2062,3,,
MG,1.8167E+13,36140000,0021536390089,GOVORD,N,2135,3,,
AC,9.12223E+12,69915026,ISENTO,,N,,6,,
RS,6.87555E+13,95045080,0290384974,,N,2062,3,,
SP,6.10511E+13,13180570,67104600000000000,,N,2062,3,,
GO,7.85201E+12,74425535,103980369,,N,,3,,
SP,3.4334E+13,8420000,1264600000000000,,N,,3,,
BA,5.53515E+12,48903570,059228167,REV,N,2135,3,,
SC,5.49043E+13,88010301,ISENTO,,N,,6,,
RS,4.32091E+13,95680000,,,N,,4,,
SP,2.60932E+13,5416000,ISENTO,,N,2232,6,,
DF,312169,72318595,0731456806525,,N,,6,UNIAO,
PR,3.21089E+12,86020913,9018753240,,N,2062,3,,
MA,3.27601E+13,65075441,125908431,,N,,3,,
RJ,4.24223E+13,22241090,ISENTO,,N,,6,,
RS,8.75171E+13,94930230,ISENTO,,N,,6,,
MG,1.02224E+13,30130138,ISENTO,,N,2062,6,,
RS,9.27949E+13,90035030,0960005900,,N,,3,,
SP,6.08475E+12,14070745,58265700000000000,REV,N,,3,,
SP,9.63294E+13,7020010,33635900000000000,,N,,3,,
SP,4.35639E+13,17890000,40805500000000000,,N,2062,3,,
RJ,7.34992E+13,20091901,ISENTO,,N,,6,,
SP,5.15493E+13,6020015,,,N,,4,,
MG,1.7245E+13,33040260,578008000000000000,,N,,3,,
PE,3.38915E+11,51030300,57579407,REV,N,,3,,
SP,5.41768E+13,6020010,ISENTO,,N,2062,6,,
PE,3.08385E+12,54335000,026893401,,N,2054,6,,
SP,5.31225E+13,4547005,13251500000000000,,N,,6,,
ES,3.06794E+13,29706040,081121601,REV,N,2062,3,,
MT,7.12114E+12,78125185,ISENTO,GOVORD,N,,6,,
SP,4.52937E+13,19015190,ISENTO,,N,,6,,
PE,4.21097E+11,52050420,ISENTO,,N,2062,6,,
AM,1.12007E+13,69075840,ISENTO,ZFM,N,,6,,1111111111
MG,3.01397E+12,37135516,0161981590089,,N,,3,,
RS,7.52E+12,95183000,0450090817,,N,,3,,
PA,8.36635E+13,66825000,151770077,,N,,3,,
PR,7.66383E+13,80410230,ISENTO,,N,,6,,
SP,5.94896E+13,8290210,1122200000000000,GOVORD,N,2062,3,,
PR,4.39994E+13,81260900,ISENTO,,N,,3,,
MT,2.3888E+13,78300122,ISENTO,,N,,6,,
SP,6.90382E+13,18275630,68704700000000000,,N,2062,3,,
GO,6.00685E+12,74840060,104413883,,N,,3,,
SP,6.18585E+13,3183000,ISENTO,,N,,6,,
SP,4.94758E+13,4545042,ISENTO,,N,2062,6,,
RS,9.0057E+13,95185000,ISENTO,,N,3999,6,,
SP,6.15214E+12,4534002,14938400000000000,,N,2062,6,,
ES,4.55454E+13,29880000,083883037,,N,2062,3,,
RJ,5.88369E+13,23550420,ISENTO,,N,2135,6,,
SP,2.48021E+13,3402002,13370800000000000,,N,2062,3,,
SP,4.87404E+13,7180903,79662200000000000,REV,N,2062,3,,
RS,5.82075E+13,93819264,1310180536,,N,,3,,
MG,2.71385E+13,34006053,ISENTO,,N,,6,,
SP,5.54406E+13,8320334,ISENTO,,N,2062,6,,
SC,3.14907E+13,89503220,260602582,,N,,3,,
SP,3.34483E+13,5421001,ISENTO,,N,2062,6,,
SP,8.97003E+12,13500270,58729200000000000,,N,2062,3,,
SP,5.48439E+12,13900200,16812600000000000,,N,,3,,
RS,1.14119E+13,95913265,0720168201,,N,2062,3,,
BA,1.76198E+12,42801725,ISENTO,,N,,6,,
MS,2.80269E+13,79005240,ISENTO,,N,,6,,
SC,5.52833E+12,89810413,254687938,REV,N,,3,,
PR,3.32001E+13,80230010,9037682230,,N,2054,3,,
DF,4.14473E+12,70711905,0741704400130,,N,,6,,
SP,3.46901E+12,7250000,33649800000000000,,N,2062,3,,
MT,1.22639E+12,78210250,ISENTO,,N,,6,,
SP,86304,5005000,ISENTO,GOVORD,S,2038,6,UNIAO,
RS,2.54767E+13,92010170,ISENTO,,N,,6,,
PE,7.36742E+13,50030290,019474512,,N,2062,3,,
RJ,1.7036E+13,22431050,ISENTO,,N,,6,,
GO,2.02032E+13,72832000,106113577,REV,N,2062,3,,
SC,2.32414E+13,89256900,ISENTO,,N,,6,,
SP,4.73796E+13,5347010,14827700000000000,,N,,3,,
BA,3.56332E+13,41820020,ISENTO,,N,,6,,
SP,68353000123,4538132,ISENTO,,N,,6,,
SP,8.26071E+12,1049911,ISENTO,,N,3999,6,,
SP,6.25554E+12,7175332,33674400000000000,,N,2062,3,,
PR,2.45727E+13,85903265,ISENTO,,N,,6,,
TO,8.78715E+12,77803120,294632905,,N,,3,,
SP,7.25252E+13,13213180,40770100000000000,REV,N,2062,3,,
SP,8.38675E+13,7222000,12798400000000000,,N,2062,3,,
RS,8.81483E+13,93940000,3650006482,,N,,3,,
SP,7.02853E+12,13990000,53005200000000000,,N,,3,,
SP,1.4262E+13,22640904,14679700000000000,GOVORD,N,,6,,
AM,1.93967E+13,69060062,ISENTO,,N,,6,,
SP,6.83148E+13,5507000,14158800000000000,,N,3069,3,,
RJ,3.47353E+13,22290905,ISENTO,,N,2135,6,,
RS,4.72889E+12,95020000,0290657598,,N,,3,,
SC,1.8191E+13,89251400,261586220,,N,,3,,
PR,2.1204E+13,80240001,ISENTO,GOVORD,N,2062,6,,
DF,3.73524E+13,71805714,0798360900173,,N,,3,,
SP,4.81091E+13,4038904,ISENTO,,N,,6,,
SP,5.12952E+13,13213084,40738500000000000,REV,N,,3,,
SP,1.65962E+13,12210160,64538300000000000,,N,2062,3,,
PE,9.75338E+12,50750350,ISENTO,,N,2062,6,,
SP,3.26177E+13,13560200,ISENTO,,N,,6,,
SP,1.03132E+13,18555001,21909900000000000,,N,2062,3,,
SP,3.74947E+12,14415061,51105600000000000,,N,2054,3,,
PE,6.91146E+12,56518005,031869203,REV,N,,3,,
SP,3.73271E+13,16202059,21427900000000000,,N,2062,3,,
SP,3.58149E+13,4094050,13019900000000000,,N,2054,3,,
SP,5.12542E+13,7240130,33612200000000000,,N,,3,,
SP,9.5312E+12,4729080,ISENTO,,N,2062,6,,
SP,1.34036E+13,1226003,11948500000000000,,N,,3,,
SP,1.69514E+13,19034450,56221300000000000,REV,N,,3,,
RS,8.62757E+12,95705128,ISENTO,,N,2062,6,,
SP,4.89797E+13,4547006,ISENTO,,N,,6,,
MG,5.29616E+13,38411217,0049052940010,,N,2062,3,,
SC,4.31139E+12,88850000,255673639,,N,,3,,
SC,2.91247E+13,88035000,ISENTO,GOVORD,N,,6,,
SP,4.64422E+13,13634108,ISENTO,,N,,6,,
RJ,7.11232E+12,21020125,77841610,,N,,3,,
SP,4.27885E+13,3356001,13161500000000000,,N,2062,3,,
SP,1.68973E+13,16900005,17005500000000000,,N,,3,,
RS,9.30886E+13,98910000,1470059433,REV,N,,3,,
SP,2.62403E+13,5318030,14129100000000000,,N,,3,,
PR,7.51019E+13,80230901,ISENTO,,N,,6,,
TO,4.22063E+13,77061900,ISENTO,,N,,6,,
RS,2.28262E+13,95560000,ISENTO,,N,,6,,
RS,8.86125E+13,95270000,0480042349,,N,2143,3,,
PR,4.49469E+12,85410000,9023542126,,N,2062,3,,
MG,3.00976E+13,31555000,ISENTO,,N,,6,,
MG,7.10639E+13,35680030,ISENTO,,N,,6,,
SP,6.04987E+13,16201840,ISENTO,,N,2054,3,,
SP,2.86896E+13,1311000,ISENTO,,N,,6,,
RN,3.53045E+13,59022550,202699790,,N,2062,3,,
RS,9.26604E+13,94930615,1770178187,,N,2062,3,,
SP,4.51807E+13,3210001,13419200000000000,,N,,3,,
AC,6.55522E+11,69900679,ISENTO,GOVORD,N,,6,,
SC,5.45466E+13,89135000,ISENTO,,N,,6,,
MG,3.61949E+13,31010470,ISENTO,,N,2232,6,,
SC,3.92846E+13,89600000,ISENTO,,N,2062,6,,
SP,6.77341E+13,5061450,14043900000000000,,N,,3,,
RJ,3.35559E+13,22451900,ISENTO,,N,,6,,
SC,2.91919E+13,89900000,258530804,GOVORD,N,,3,,
MG,4.29461E+13,37130093,ISENTO,,N,,6,,
MG,2.63686E+13,35300004,ISENTO,,N,2143,6,,
ES,1.05509E+13,29050400,083065962,,N,2054,3,,
PR,3.36366E+13,85812141,9081445114,,N,,3,,
SC,1.92585E+13,89204248,215446,,N,,6,,
DF,2.62972E+13,70715900,0778558900195,REV,N,,3,,
SP,7.43252E+12,6543312,62302700000000000,,N,,3,,
RS,8.42833E+12,95032000,0290476330,REV,N,,3,,
SP,2.43538E+13,13205700,40754900000000000,,N,2054,3,,
PR,5.39281E+12,85906370,ISENTO,,N,,6,,
PR,3.67501E+13,81900000,9084488205,REV,N,,3,,
SP,3.30349E+13,4902900,10956500000000000,REV,N,2062,3,,
SC,5.28961E+12,89160172,ISENTO,,N,,6,,
MT,3.47688E+12,78005100,130385115,REV,N,,3,,
MS,1.5271E+12,79020300,ISENTO,,N,,6,,
SP,6.07367E+13,1502001,ISENTO,,N,,6,,
MA,730408,65903250,ISENTO,,S,2038,6,UNIAO,
SP,7.37322E+13,13630970,ISENTO,,N,3999,6,,
SC,2.22185E+13,88331490,257617450,,N,,3,,
SP,3.34264E+13,4795920,13141300000000000,,N,,3,,
PB,5.82786E+13,58046532,165128780,,N,2135,3,,
PR,8.11885E+13,80530260,ISENTO,,N,2062,6,,
SP,5.84179E+13,13170036,ISENTO,,N,,6,,
AM,1.15764E+13,69007002,,,N,,2,,
RS,3.37676E+13,94930370,1770231835,GOVORD,N,,3,,
SC,4.05178E+13,89058350,260877301,GOVORD,N,,3,,
SP,4.58729E+12,13416490,ISENTO,,N,2232,6,,
GO,1.06361E+13,74055055,ISENTO,GOVORD,N,,6,,
SP,4.61615E+11,13870100,63905700000000000,GOVORD,N,2135,3,,
SC,1.07374E+13,89110010,255828756,,N,,3,,
SP,6.04805E+13,1522020,ISENTO,,N,,6,,
AM,7.59498E+12,69099045,ISENTO,ZFM,N,2046,6,,1111111111
SP,6.9752E+12,5069010,ISENTO,,N,,6,,
MG,5.79708E+13,32017590,ISENTO,,N,2062,6,,
SP,1.56827E+13,13418445,ISENTO,,N,,6,,
MS,2.64082E+13,79150000,ISENTO,,N,,6,,
MT,8.77114E+12,78850000,ISENTO,,N,2062,6,,
RJ,2.2015E+12,6513001,ISENTO,,N,,6,,
MG,7.33955E+13,31270901,ISENTO,,N,3999,6,,
BA,3.38845E+13,44001808,026228352,GOVORD,N,,3,,
SC,8.65325E+13,88845000,250058960,,N,,3,,
RS,1.67305E+13,95703080,ISENTO,,N,2062,6,,
MG,8.54417E+12,30130153,ISENTO,,N,,6,,
TO,8.73668E+12,77410020,293997551,,N,2062,3,,
SP,288519,1011100,ISENTO,,S,2038,6,UNIAO,
ES,4.79908E+13,29900022,ISENTO,,N,2062,6,,
PB,5.84859E+13,58036105,ISENTO,,N,2062,6,,
GO,1.02494E+13,75863899,103784217,,N,,3,,
ES,8.54162E+12,29143662,082441057,REV,N,,3,,
SP,3.77961E+13,6454000,ISENTO,,N,2151,6,,
RJ,4.46704E+13,25715221,12329628,,N,,6,,
GO,3.7639E+11,74453100,102719039,,N,,3,,
SP,6.09222E+13,1311000,ISENTO,,N,,6,,
SC,3.50498E+13,89245000,260257770,,N,2062,3,,
SP,6.08539E+13,1050030,10592600000000000,,N,,6,,
RS,9.85919E+13,95800000,ISENTO,,N,3999,6,,
MG,7.71979E+11,37640000,2.51955E+12,GOVORD,N,,3,MG,
GO,2.00883E+13,74810100,ISENTO,,N,,6,,
PA,4.83157E+12,66063425,150697589,,N,,6,,
PR,7.606E+13,85903590,ISENTO,,N,,6,,
PB,4.89838E+13,58449000,ISENTO,,N,2321,6,,
CE,5.37321E+12,60841032,068262230,,N,2054,3,,
PI,6.84541E+12,64000020,ISENTO,,N,3999,6,,
SP,3.82365E+12,17380000,22800500000000000,,N,,3,,
PR,7.64973E+13,83607000,ISENTO,,N,3999,6,,
SP,5.06955E+13,5414001,ISENTO,,N,,6,,
SP,1.92219E+13,13580000,5770300000000000,,N,,3,,
SP,3.49337E+12,6083210,ISENTO,,N,,6,,
MG,7.10612E+13,34006042,448098000000000000,,N,,3,,
PR,3.72E+11,80530100,ISENTO,,N,2232,6,,
SC,5.74105E+13,89990000,263170934,,N,,3,,
SP,4.10949E+12,12030450,ISENTO,,N,,6,,
SP,4.35165E+12,13272514,70803300000000000,REV,N,,3,,
SP,3.7032E+13,4506905,13421900000000000,,N,2062,3,,
GO,2.2368E+13,72930971,106314599,,N,,3,,
SP,2.07525E+13,9380200,44265600000000000,,N,,3,,
ES,1.16575E+13,29161388,ISENTO,,N,,6,,
SC,1.67082E+13,88210000,ISENTO,,S,1155,6,,
PE,4.88557E+13,51030010,ISENTO,,N,2135,6,,
SP,5.77994E+12,1227000,11681800000000000,,N,2062,3,,
AL,7.36572E+12,57955000,242118755,REV,N,,3,,
PR,8.10653E+13,85802130,4101491680,,N,,3,,
SP,3.30099E+13,14091240,ISENTO,,N,2232,6,,
SE,1.31314E+13,49015400,270544674,,N,,3,,
MG,1.04534E+13,37558332,0010979090059,,N,,3,,
PR,8.57902E+12,83075270,ISENTO,,N,2062,6,,
RS,4.57301E+13,95110870,ISENTO,,N,2062,6,,
SP,4.84279E+12,5305011,14057700000000000,,N,2062,3,,
MA,6.01515E+11,65800000,ISENTO,,N,,6,,
SP,2.38755E+13,13500410,ISENTO,,N,2062,6,,
MG,5.4585E+12,38108000,ISENTO,,N,2054,6,,
SC,2.14049E+13,89086535,257518983,,N,,3,,
SP,9.64794E+13,2235000,14204300000000000,,N,2062,3,,
AL,3.5554E+12,57048025,241456223,REV,N,2062,3,,
ES,2.73869E+13,29105480,080687750,,N,2062,3,,
SP,3.19446E+13,5014000,12464800000000000,,N,2062,3,,
BA,1.39637E+13,40415430,ISENTO,,N,3999,6,,
RS,1.14406E+13,93010190,ISENTO,,N,,6,,
GO,7.52656E+12,75045190,105826030,,N,2046,3,,
SC,1.96087E+12,89052015,253582318,,N,2062,3,,
PE,2.11288E+13,50830020,103557237,GOVORD,N,,3,,
RJ,4.02343E+13,22281000,ISENTO,GOVORD,N,2062,6,,
PE,1.15773E+13,55400000,024280917,,N,2062,3,,
GO,1.8727E+13,74083300,105862053,,N,,3,,
DF,2.79756E+13,70714900,0781495800172,,N,,3,,
MG,8.3757E+12,36160000,0049449310017,GOVORD,N,,3,,
SP,2.11482E+13,11020000,ISENTO,GOVORD,N,2062,6,,
RS,1.31926E+13,95070451,0290535719,,N,,3,,
SP,3.21882E+13,4533003,ISENTO,,N,,6,,
MG,6.95068E+12,36500012,ISENTO,,N,2062,6,,
SP,1.09014E+13,1311926,ISENTO,,N,2062,6,,
SC,1.04767E+13,89117455,255747810,,N,,3,,
SC,8.04249E+13,89810460,251755738,,N,2062,3,,
RS,8.8471E+13,92850000,ISENTO,,N,,6,,
BA,2.52127E+13,40296210,ISENTO,,N,2232,6,,
MT,6.31534E+12,78888000,136984894,,N,2054,3,,
SP,4.92115E+13,12500260,3250400000000000,,N,,3,,
ES,7.35456E+12,29980000,082321396,REV,N,,3,,
SP,4.93785E+13,7052160,33660400000000000,,N,2062,3,,
SP,2.15439E+13,2123050,12645700000000000,,N,,3,,
MA,7.55595E+12,65909170,124069266,,N,,3,,
SP,3.58204E+13,9961350,28600100000000000,,N,2062,3,,
MG,8.77338E+13,35390000,ISENTO,,N,2143,6,,
SC,6.14753E+13,88310180,263681807,,N,2062,3,,
SP,1.53475E+13,16400025,41906400000000000,,N,,3,,
SP,1.085E+13,6804230,ISENTO,,N,2135,6,,
RN,1.06988E+13,59955000,202191672,,N,2062,3,,
SP,1.79942E+13,14405422,31070600000000000,GOVORD,N,2062,3,,
AP,380407,68925105,ISENTO,GOVORD,S,2038,6,UNIAO,
SP,4.75783E+12,6454050,20695500000000000,,N,,3,,
SP,1.86317E+13,13271608,70829900000000000,,N,,3,,
SP,1.21455E+13,1452001,ISENTO,,N,2232,6,,
RJ,2.71503E+13,20011030,ISENTO,,N,,6,,
SP,1.10494E+13,4542000,ISENTO,,N,2054,6,,
RN,2.4201E+13,59600170,200929798,,N,,3,,
SP,3.80416E+13,5533000,12945100000000000,REV,N,,3,,
SC,8.59523E+12,89114294,255332874,,N,,3,,
SE,20702,49790000,ISENTO,,S,2038,6,UNIAO,
SP,1.08171E+13,6696060,37312200000000000,,N,2062,3,,
SP,1.51199E+11,4088902,ISENTO,,N,3999,6,,
SP,1.71408E+13,13069335,12267200000000000,,N,2062,3,,
SP,3.17073E+13,5415030,ISENTO,,N,,6,,
RJ,83704,20011902,ISENTO,,S,2038,6,UNIAO,
PA,3.72176E+13,66050100,156954923,,N,2062,3,,
BA,7.12417E+13,45826001,ISENTO,,N,2062,6,,
SP,8.96375E+13,13432700,53595800000000000,,N,,3,,
RS,1.05575E+13,91340110,ISENTO,,N,,6,,
ES,4.56306E+11,29056270,ISENTO,,N,,6,,
SP,2.75035E+13,11045540,63375200000000000,,N,,3,,
SP,3.50064E+12,14706026,21005400000000000,,N,2062,3,,
SP,5.84427E+12,16700000,33007200000000000,REV,N,,6,,
SP,4.71105E+12,6509010,ISENTO,,N,,6,,
SP,6.46065E+13,12240510,64515600000000000,,N,,6,,
MG,1.38361E+12,30710010,0621666330034,,N,2062,3,,
GO,3.15063E+13,75261017,ISENTO,,N,2062,6,,
RJ,3.38661E+13,22640101,ISENTO,GOVORD,N,2062,6,,
BA,4.93762E+12,45810000,057069012,,N,,3,,
PA,4.93024E+12,68507610,ISENTO,,N,3999,6,,
PR,3.73396E+13,83010050,9109643138,,N,2062,3,,
PA,1.18551E+13,68552380,153012145,,N,,3,,
ES,4.409E+12,29168080,082126933,,N,2054,3,,
GO,35068,75650094,ISENTO,,S,2038,6,UNIAO,
MG,4.02205E+12,32450000,0620962540039,REV,N,2062,3,,
MT,3.63287E+12,78450000,ISENTO,,N,,6,,
RJ,4.40192E+13,20241180,ISENTO,,N,2054,6,,
SC,8.2878E+13,89920000,252177029,,N,,3,,
MG,4.91658E+13,35570084,0045215280061,,N,2062,3,,
RS,1.12888E+13,98805678,1130151813,,N,,3,,
SP,1.37647E+12,3118000,11640200000000000,,N,,3,,
SP,1.37459E+13,12906260,22532500000000000,,N,,6,,
MG,2.34218E+13,30180104,ISENTO,,N,2135,6,,
RS,4.06198E+13,90460030,0963848186,,N,2062,3,,
MG,5.94418E+13,31270170,ISENTO,GOVORD,N,,6,,
RO,439908,76956000,ISENTO,,S,2038,6,UNIAO,
DF,3.98346E+13,70748900,0801707800136,,N,,6,,
SP,9.84348E+11,8674175,67208100000000000,,N,,3,,
SP,4.97353E+12,13419280,53534300000000000,GOVORD,N,,3,,
DF,5.41689E+13,70632300,0828352500108,,N,,3,,
SP,4.61711E+13,1419001,13495900000000000,,N,,6,,
MA,4.61154E+13,65110000,127530673,,N,,3,,
SP,1.72536E+13,4571010,ISENTO,,N,2062,6,,
RS,3.79507E+12,91060900,ISENTO,GOVORD,N,,6,,
SP,5.90184E+13,12960000,ISENTO,,N,3999,6,,
SP,4.04998E+12,4794000,ISENTO,,N,2062,6,,
GO,4.16317E+13,74120020,108399524,,N,,3,,
RS,3.51105E+13,93010220,ISENTO,,N,2062,6,,
RJ,4.64593E+12,20050093,ISENTO,,N,2062,6,,
SP,5.43197E+12,6296180,ISENTO,,N,,6,,
RN,2.76739E+13,59300000,ISENTO,,N,2321,6,,
MG,2.16285E+13,38402339,702483000000000000,,N,,3,,
SP,4.8871E+13,8810020,45492100000000000,REV,N,,3,,
BA,1.53949E+13,42702400,ISENTO,,N,,6,,
RJ,4.22714E+13,22640102,ISENTO,,N,,6,,
SP,6.11529E+13,18555000,21908200000000000,,N,2062,3,,
MG,1.42022E+13,30390070,0018302980056,,N,,3,,
SE,2.42596E+13,49010909,ISENTO,,N,2135,6,,
RS,5.88122E+13,99025070,8004357251,,N,,3,,
BA,3.62583E+12,44190000,052648799,,N,2062,3,,
SC,9.03331E+11,88330902,254111076,GOVORD,N,2062,3,,
MS,1.5383E+13,79032360,282457127,,N,,3,,
ES,4.59709E+13,29730000,084296933,,N,,3,,
SP,2.61241E+13,2131040,14122900000000000,,N,,6,,
SP,4.15063E+13,13916875,ISENTO,,N,2062,6,,
MG,3.04985E+12,35640000,520015000000000000,GOVORD,N,2062,3,,
SP,5.83178E+13,11436010,33512500000000000,,N,2054,3,,
PA,5.99431E+13,68379200,750158840,,N,2135,3,,
SP,4.96705E+13,1508010,11061400000000000,REV,N,,6,,
SP,2.24735E+13,13416530,ISENTO,,N,,6,,
DF,1.82874E+13,72007640,0764624200192,,N,,3,,
SP,2.48501E+12,14800005,18108300000000000,,N,2062,3,,
MG,2.57637E+13,38405323,702514000000000000,,N,,6,,
PA,4.97343E+12,66613710,153539992,GOVORD,N,3999,3,,
SC,7.65632E+12,88311750,256311641,,N,,3,,
RJ,1.53055E+13,20090080,ISENTO,GOVORD,N,2062,6,,
PE,7.39175E+13,53990000,019684169,,N,,3,,
PR,4.72477E+13,83707660,1070189646,REV,N,,3,,
RJ,4.01718E+13,22775028,ISENTO,,N,,6,,
SP,6.10353E+12,2722000,ISENTO,,N,,6,,
SP,1.90018E+13,9820070,63571700000000000,,N,,3,,
MG,1.84596E+13,31170070,ISENTO,,N,2062,6,,
SP,2.75899E+13,13280113,71418200000000000,,N,,6,,
SP,6.91046E+12,13650009,ISENTO,,N,,6,,
RO,1.12007E+13,76820390,ISENTO,,N,,6,,
PE,1.25809E+13,50950050,ISENTO,,N,2062,6,,
SP,2.63894E+12,13347613,35358800000000000,,N,2062,3,,
MG,2.26262E+13,30170040,ISENTO,,N,,6,,
SP,9.88704E+11,13420280,53510300000000000,GOVORD,N,2062,3,,
SE,9.37786E+12,49025740,271216778,,N,,3,,
SP,1.52743E+13,1239010,ISENTO,,N,,6,,
SP,5.74533E+13,6026090,ISENTO,,N,,6,,
SP,1.48148E+13,14096190,12330500000000000,,N,,3,,
SP,2.46599E+13,13209430,40755400000000000,,N,2062,3,,
MG,1.69714E+13,39850000,ISENTO,,S,1244,6,,
RJ,3.92434E+13,28630310,75855184,,N,2062,3,,
MG,2.33473E+13,34006056,0625425260040,,N,2062,3,,
ES,1.50077E+13,29101936,ISENTO,,N,2321,6,,
RS,9.48131E+13,98050500,0340131624,REV,N,2046,3,,
SP,7.21977E+12,1311000,ISENTO,,N,,6,,
SP,7.80013E+12,13610090,41516700000000000,,N,2135,3,,
SP,6.09003E+13,3195100,ISENTO,,N,,6,,
RS,9.42567E+13,96930000,0210046899,,N,,3,,
MG,2.23354E+12,33200608,0010040390039,,N,,6,,
SP,3.21052E+13,1311936,ISENTO,,N,,6,,
SP,4.9729E+12,18701190,36607200000000000,GOVORD,N,,3,,
MT,2.44609E+12,78880000,ISENTO,,N,,6,,
SP,3.30131E+13,4563060,ISENTO,,N,2054,6,,
SP,5.11151E+12,3605040,ISENTO,,N,2062,6,,
RS,3.04574E+13,95098655,0290635365,,N,,3,,
SP,7.85807E+12,17586212,54802100000000000,,N,,3,,
MG,1.13562E+13,38240000,0015057730010,,N,2062,3,,
SP,6.27931E+12,11250117,ISENTO,,N,,6,,
PR,8.49384E+13,85818560,9017744809,,N,,3,,
SP,2.50804E+13,13201840,40798400000000000,,N,2062,3,,
SP,4.14301E+12,1140030,11636200000000000,,N,2062,3,,
RS,8.43042E+13,93220110,ISENTO,,N,,6,,
PR,8.17105E+13,85601000,ISENTO,,N,,6,,
SP,6.05092E+13,5614130,11131700000000000,,N,2054,3,,
SP,3.56085E+13,4349190,15291100000000000,,N,,6,,
MT,7.94182E+12,78640000,133182584,,N,2062,3,,
MG,1.91693E+13,30180072,ISENTO,,N,,6,,
SC,3.78074E+13,88308001,260591335,,N,2062,3,,
SP,6.91705E+13,1228200,11368200000000000,,N,2062,3,,
SP,1.67291E+13,5443001,ISENTO,,N,,6,,
RO,8.47368E+13,76876606,ISENTO,,N,3999,6,,
SP,4.73796E+13,5347010,14827700000000000,,N,,3,,
SP,3.75545E+13,12235050,12513600000000000,,N,,3,,
RS,2.85018E+13,90470130,ISENTO,,N,,6,,
PR,2.64491E+12,83707067,9018338189,,N,,3,,
RS,2.69861E+12,98280000,0900048751,,N,,3,,
GO,1.08948E+13,74375350,104498447,,N,,3,,
SP,8.70407E+12,11013921,ISENTO,,N,2062,6,,
SC,4.01598E+13,89226435,260844870,,N,,3,,
SP,6.8994E+13,13487530,41711400000000000,,N,2062,3,,
SP,5.68798E+13,13610410,4152500000000000,,N,2062,3,,
SP,2.13422E+13,14010200,79785200000000000,,N,,3,,
SP,5.84514E+13,13024490,ISENTO,,N,,6,,
AM,4.17669E+12,69058830,062000101,ZFM,N,,2,,1111111111
SP,1.3213E+12,14055130,58242500000000000,,N,,3,,
SP,6.97952E+12,13916074,39509400000000000,,N,2062,3,,
SP,1.35208E+13,9370800,44213100000000000,,N,2062,3,,
SP,4.81127E+12,13849106,45523100000000000,,N,,3,,
SC,7.77557E+12,88801450,255215681,REV,N,2062,3,,
SP,6.23581E+12,11570100,28307600000000000,,N,2062,3,,
PR,1.71598E+12,80215090,9012978860,,N,,6,,
RS,1.99506E+13,90430000,0963590855,,N,2062,3,,
SP,3.41267E+13,4757025,12635700000000000,,N,2062,3,,
SP,6.78385E+13,6455906,20693100000000000,,N,,3,,
PR,7.90636E+13,86430000,,,N,,4,,
MT,2.67564E+13,78750899,136917607,,N,2062,3,,
SP,3.08823E+11,18603330,22401400000000000,GOVORD,N,,3,,
ES,4.59017E+13,29903053,ISENTO,,N,2135,6,,
MG,8.77803E+13,36120000,,,N,,4,,
ES,3.93869E+13,29056926,ISENTO,,N,,6,,
SP,4.78328E+12,13098392,ISENTO,,N,,6,,
SC,1.53194E+13,88704208,263265838,,N,2062,3,,
SP,2.61329E+13,6412270,20643200000000000,,N,2062,3,,
SP,4.77137E+12,14095220,58262900000000000,,N,2062,3,,
RS,5.90095E+12,97511120,1530179561,,N,,3,,
RS,4.1816E+13,95020438,ISENTO,,N,,6,,
SP,4.17335E+13,4552000,ISENTO,,N,,6,,
SP,6.12303E+13,6807461,29813200000000000,,N,,4,,
SP,1.77969E+13,4532002,14325400000000000,GOVORD,N,2062,3,,
SC,7.48081E+12,89219600,255451822,,N,2062,3,,
PR,3.58014E+12,80730402,ISENTO,,N,,6,,
SC,3.77469E+12,89252230,ISENTO,,N,3077,6,,
SP,4.31522E+13,6850850,ISENTO,,N,2062,6,,
SP,1.90463E+13,15405156,48714500000000000,,N,2054,3,,
SP,5.31464E+13,18530000,6921200000000000,,N,2062,3,,
SP,5.6087E+13,4576060,15026400000000000,,N,,3,,
SP,2.43914E+12,15138899,45103400000000000,,N,,6,,
SP,3.31061E+13,12295230,23412300000000000,,N,2062,3,,
GO,2.48309E+13,75830082,ISENTO,,N,,6,,
SP,5.6558E+13,15405014,48710500000000000,,N,2062,3,,
DF,3.18069E+11,70770100,0796848200429,,N,2062,3,,
ES,3.75176E+12,29145405,082043760,GOVORD,N,,3,,
MT,5.22859E+13,78730504,ISENTO,,N,2062,6,,
SC,1.46741E+13,88330648,,,N,,4,,
SP,2.48357E+13,1442002,ISENTO,,N,,6,,
SP,2.70658E+13,8666151,67263300000000000,,N,2062,3,,
SC,9.27912E+13,89675000,250168464,,N,2046,3,,
RS,1.09167E+13,90480000,ISENTO,,N,,6,,
SP,3.77943E+13,7175090,ISENTO,,N,3999,6,,
SP,3.98833E+12,7619408,ISENTO,,N,,6,,
MG,9.51264E+12,35701618,0010749030054,,N,,3,,
TO,3.87556E+12,77016524,ISENTO,,N,3131,6,,
RJ,2.00485E+13,24020084,15052937,,N,2240,3,,
PR,3.05777E+13,80010100,ISENTO,,N,,6,,
PB,2.42821E+13,58039050,160836891,,N,2062,3,,
SP,6.5733E+13,9521300,ISENTO,,N,2062,6,,
GO,5.02477E+13,76150000,200275887,,N,,3,,
PR,7.74457E+13,87205018,ISENTO,,N,3131,6,,
PR,1.52061E+13,87078651,ISENTO,,N,,6,,
SC,2.44255E+13,88111590,ISENTO,,N,,6,,
RS,8.99421E+13,95770000,0470000023,,N,2062,3,,
SP,6.03226E+11,5037030,ISENTO,,N,,6,,
SP,5.9763E+13,13874695,63900200000000000,GOVORD,N,,3,,
SC,7.30869E+12,88015200,ISENTO,,N,3999,6,,
PA,1.41337E+13,68504034,151233527,,N,2062,3,,
SP,6.1047E+13,4080006,ISENTO,,N,3999,6,,
MT,8.85879E+12,78746740,133395332,,N,,3,,
RS,8.85728E+13,95110005,0290050448,,N,,3,,
SE,6.07198E+12,49055000,ISENTO,,N,,6,,
SP,5.07807E+13,6733144,ISENTO,,N,3999,6,,
SP,5.38655E+13,4251000,11114200000000000,,N,2062,3,,
SP,7.52219E+12,13337300,3532100000000000,,N,2062,3,,
RS,9.39641E+12,90660230,0963731793,,N,,3,,
RJ,3.67076E+12,22775002,ISENTO,,N,,3,,
RJ,4.99271E+12,22210901,77360816,,N,,3,,
AM,4.45517E+13,69415000,ISENTO,ZFM,N,2062,6,,1111111111
PE,2.35617E+13,56306620,ISENTO,,N,,6,,
MG,2.60339E+12,37900038,ISENTO,,N,2240,6,,
RJ,1.69798E+13,27913150,79772313,,N,,3,,
RS,8.88325E+13,95098420,ISENTO,,N,,6,,
SP,2.2092E+13,4029901,ISENTO,,N,,6,,
SP,4.76763E+11,7747300,2390400000000000,GOVORD,N,2062,3,,
SP,1.03794E+13,13073221,ISENTO,,N,,6,,
RS,5.61042E+12,96010310,0930359526,,N,,3,,
RO,7.59498E+12,76820650,ISENTO,,N,2046,6,,
PA,4.71995E+12,68786000,150950616,,N,,3,,
MG,6.1097E+12,38400456,702288000000000000,GOVORD,N,,3,,
SP,1.5413E+13,12490000,63400900000000000,,N,,3,,
MG,2.54362E+13,35920000,447257000000000000,,N,2062,3,,
RS,5.88122E+13,99025070,ISENTO,,N,,6,,
SP,3.96946E+12,15440000,47800500000000000,,N,2062,3,,
SC,8.47147E+13,89240000,ISENTO,,N,3069,6,,
TO,2.46549E+13,77006070,ISENTO,,N,,6,,
RS,2.53574E+13,91920430,0963676547,,N,2062,3,,
MG,1.66427E+13,30532270,0621229270280,,N,2062,3,,
CE,1.34285E+13,60824220,ISENTO,,N,,6,,
GO,5.69337E+13,74810100,ISENTO,,N,2062,6,,
MG,1.71747E+13,33805330,546007000000000000,,N,2062,3,,
SC,2.0533E+13,89278000,ISENTO,,N,2062,6,,
SP,5.86979E+13,13849106,45504100000000000,,N,,3,,
RS,1.25651E+13,95112130,0290529220,,N,,3,,
SP,3.73662E+12,2068000,14960500000000000,GOVORD,N,2062,3,,
RS,1.40264E+13,95765000,2330019925,,N,2062,3,,
RS,8.04912E+12,99680000,0320017176,,N,2062,3,,
PR,2.42942E+13,83203500,ISENTO,,N,3999,6,,
SP,4.86733E+13,9450000,58905700000000000,,N,,3,,
SP,7.13047E+13,14150000,6.63E+13,,N,,3,,
PR,7.79806E+13,85804603,4100786511,,N,2062,3,,
GO,6.04987E+13,75809899,103743642,REV,N,2054,3,,
GO,5.49034E+13,74323280,ISENTO,,N,,6,,
SP,2.10683E+12,5316900,14964600000000000,,N,,3,,
SC,4.41547E+13,89203305,ISENTO,,N,,6,,
PR,5.563E+13,81200526,ISENTO,,N,2054,6,,
MA,8.33673E+13,65061021,ISENTO,,N,,6,,
SP,1.83024E+13,9070220,ISENTO,GOVORD,N,,6,,
MG,2.02961E+13,30360663,ISENTO,,N,2232,6,,
RJ,6.90676E+12,22440032,77777857,,N,2062,3,,
GO,2.84114E+13,75800016,107018020,,N,,3,,
MG,1.34268E+13,35160291,0017513680019,REV,N,,3,,
SP,4.39503E+13,4006002,ISENTO,,N,2062,6,,
SP,4.0579E+13,18086610,79845900000000000,REV,N,,3,,
SC,8.13035E+13,89086550,255702124,,N,,3,,
ES,1.97575E+13,29050335,ISENTO,,N,,6,,
BA,2.85137E+13,47850047,ISENTO,,N,,6,,
GO,5.56809E+13,75680472,201624885,,N,,3,,
MG,1.07817E+13,37910000,0011427560056,,N,2062,3,,
SP,7.75E+13,6696100,37341500000000000,,N,2062,3,,
SP,2.23278E+12,13481149,41715600000000000,,N,,3,,
RS,3.23255E+13,99010220,ISENTO,,N,2062,6,,
GO,1.25041E+12,74922810,ISENTO,GOVORD,N,,6,,
PR,3.6215E+13,85055010,9083927108,,N,2062,3,,
PA,4.82568E+13,68390000,158651413,MERC09,N,,3,,
ES,3.91985E+12,29101522,082246459,GOVORD,N,,3,,
RJ,5.50331E+12,20520051,ISENTO,,N,,6,,
SC,7.38019E+13,88385000,253401674,,N,,3,,
GO,3.42481E+11,75680094,ISENTO,,N,2143,6,,
PB,1.19671E+13,58108531,161772986,,N,2062,3,,
MG,3.53714E+13,36030716,ISENTO,,N,,6,,
SP,4.22741E+13,14010180,79774500000000000,,N,,6,,
RS,3.94105E+12,90410007,0962825832,,N,,3,,
MT,5.87361E+12,78540000,132305151,,N,,3,,
MG,2.6259E+12,36774550,690769000000000000,,N,2054,3,,
SP,2.73733E+13,14025480,ISENTO,,N,2062,6,,
CE,8.68202E+13,60135203,ISENTO,,N,2232,6,,
TO,7.10472E+12,77006096,ISENTO,,N,,6,,
MG,2.80111E+13,32183455,0029896190003,,N,2062,3,,
BA,8.0309E+12,44823766,ISENTO,,N,,6,,
SP,1.75782E+12,9051060,62639300000000000,,N,,3,,
PA,1.46831E+13,67200000,153569832,,N,2062,3,,
SP,1.84278E+13,14408144,31051600000000000,REV,N,,3,,
PR,4.39341E+12,84050000,,,N,,4,,
MS,9.5491E+12,79115810,,,N,,4,,
SP,2.01036E+13,4029901,ISENTO,,N,,6,,
MA,4.41106E+13,65180000,127315527,,N,2062,3,,
SP,4.42216E+12,13825000,74706800000000000,,N,,3,,
ES,4.17226E+12,29146090,ISENTO,,N,2054,6,,
RS,9.48376E+13,93700000,0190126191,,N,,3,,
BA,8.94917E+12,41650096,ISENTO,,N,3999,6,,
MG,1.72176E+13,31230000,ISENTO,,N,3220,6,,
RS,9.35666E+13,95190000,2240008886,,N,2062,3,,
MT,2.50808E+13,78740162,ISENTO,,N,,6,,
SP,479705,19010900,ISENTO,,S,2038,6,UNIAO,
SP,2.02808E+13,13495041,3620200000000000,,N,2062,3,,
BA,7.11923E+12,41815135,072384857,,N,2062,3,,
ES,1.76309E+13,29900505,082937591,,N,,3,,
GO,8.37147E+11,74990555,102849056,GOVORD,N,,6,,
SP,8.42871E+12,13700000,25709700000000000,,N,,3,,
SP,5.25783E+13,1451902,ISENTO,,N,,6,,
SC,8.31023E+13,88350051,ISENTO,,N,,6,,
PR,8.49683E+13,85560000,3120096094,,N,,3,,
SP,1.07015E+13,13492206,27207600000000000,,N,2062,3,,
SP,4.94758E+13,6610015,3.981E+14,,N,,3,,
SP,1.51764E+13,4538132,ISENTO,,N,2232,6,,
SC,6.98845E+12,88780000,ISENTO,,N,,6,,
RS,2.42337E+12,90020010,0963937618,,N,,3,,
PA,5.44692E+13,67030445,159477808,,N,2135,3,,
SP,4.63513E+13,5417001,15057700000000000,,N,,3,,
RS,5.84673E+12,95084310,0290412137,,N,,3,,
ES,2.63997E+11,29146090,ISENTO,,N,2062,6,,
ES,3.64006E+13,29308012,ISENTO,,N,3131,6,,
DF,4.18323E+12,70632100,0741770400100,,N,,3,,
SP,2.98569E+13,6765430,67534700000000000,,N,,3,,
SP,5.24342E+13,17232232,37700200000000000,,N,,3,,
SC,2.83121E+12,88032005,ISENTO,,N,,6,,
SC,4.74208E+13,89240000,261837800,,N,,3,,
SC,9.00082E+12,88200000,ISENTO,,N,2062,6,,
SP,1.8584E+12,17347013,20204600000000000,GOVORD,N,,3,,
SP,5.14663E+13,13484016,41700600000000000,,N,,3,,
SP,5.63099E+13,18683373,41601500000000000,,N,,3,,
SC,2.84344E+12,89219600,ISENTO,GOVORD,N,,6,,
MG,2.2631E+12,38401076,0015013920043,,N,,3,,
MG,717738,39401001,ISENTO,,S,2038,6,UNIAO,
RJ,2.46419E+12,28635000,75780826,GOVORD,N,,3,,
GO,2.91627E+12,76100000,102487723,,N,,3,,
BA,6.99546E+13,48905350,044149198,,N,2062,3,,
SP,4.64915E+13,15015100,12435500000000000,,N,,3,,
MG,2.02504E+13,30180109,ISENTO,,N,,6,,
SC,1.06858E+13,89069000,255956010,,N,,3,,
SC,3.77734E+12,88354000,ISENTO,GOVORD,N,,6,,
PR,1.05631E+13,87050130,ISENTO,,N,,6,,
MG,50296,38840050,ISENTO,,S,2038,6,UNIAO,
MG,4.73796E+13,32370485,0623095200004,,N,,3,,
SP,5.19594E+13,18116710,71726300000000000,,N,2062,3,,
SC,2.58749E+12,88650000,ISENTO,GOVORD,N,,6,,
GO,3.5209E+12,74860270,103295020,,N,,6,,
SP,1.47103E+13,13076011,79576400000000000,,N,,3,,
SP,2.20078E+13,1418200,ISENTO,,N,2232,6,,
PR,8.14663E+13,80610334,ISENTO,,N,,6,,
MG,1.07642E+13,35940000,0011349730068,REV,N,2062,3,,
MG,1.89723E+13,30130138,0036744280058,,N,,3,,
ES,4.19722E+13,29730000,ISENTO,,N,2054,6,,
MG,2.10777E+13,33350000,0024347000090,,N,,3,,
BA,7.1147E+12,40050310,ISENTO,,N,,6,,
SP,5.21702E+13,3342000,12566100000000000,,N,2062,3,,
RS,1.88192E+13,90240611,0963552350,,N,2062,3,,
DF,2.64465E+13,70702909,ISENTO,,N,2240,6,,
SP,7.58056E+12,6473000,20613200000000000,,N,,3,,
GO,1.48556E+13,75515490,106630547,,N,2062,3,,
PR,4.13934E+12,86605184,ISENTO,,N,2062,6,,
SC,9.64152E+12,89066030,255659695,,N,2062,3,,
SP,3.9277E+12,1311100,ISENTO,,N,,6,,
SP,4.68443E+13,19880063,24900200000000000,,N,,3,,
SP,6.20442E+13,4714001,ISENTO,,N,,6,,
MT,3.53445E+12,78049939,ISENTO,,N,3077,6,,
SP,4.26098E+13,9572015,6364600000000000,,N,,6,,
PA,2.18123E+13,66635894,154756245,,N,2062,3,,
SP,6.58264E+13,18520000,26501200000000000,,N,2062,3,,
SP,1.32063E+13,14711124,21005700000000000,,N,2062,3,,
PR,7.09706E+12,85940005,ISENTO,,N,2143,6,,
SP,3.61681E+12,4551000,12324100000000000,,N,2062,3,,
PE,3.30775E+12,56308420,026257688,,N,,3,,
SC,9.53546E+12,89202000,255605340,,N,2062,3,,
SC,1.11438E+13,89840000,255941803,GOVORD,N,,3,,
PR,5.25514E+12,86060000,ISENTO,,N,,6,,
CE,3.37861E+13,60520500,069457018,GOVORD,N,,3,,
BA,1.28191E+13,47852738,055591591,GOVORD,N,,3,,
SP,5.01852E+13,9080001,ISENTO,GOVORD,N,2062,6,,
SP,4.4864E+13,19050230,ISENTO,,N,,6,,
MS,7.86381E+13,79002212,282507868,,N,,6,,
SP,2.94404E+13,4805280,13876800000000000,GOVORD,N,2062,3,,
PR,1.74287E+13,85864330,4221025828,,N,2054,3,,
PR,1.99222E+13,80540340,9066637910,,N,2062,3,,
SP,2.79616E+13,5401909,ISENTO,,N,2054,6,,
SP,7.69779E+12,4709111,ISENTO,,N,,6,,
MG,5.0432E+13,37540000,0046017290037,GOVORD,N,,3,,
PB,7.78401E+12,58034045,162427123,,N,2054,3,,
PR,3.41976E+13,86750000,9082024228,,N,,3,,
SP,1.65705E+13,8265000,13152400000000000,,N,2062,3,,
MG,3.7737E+12,37504050,,,N,,4,,
SP,5.73944E+13,5510020,ISENTO,,N,,6,,
MT,3.74642E+13,78068401,139807632,REV,N,,3,,
MS,2.4673E+13,79022062,ISENTO,,N,,6,,
SP,7.10796E+12,1311927,ISENTO,,N,2062,6,,
MA,9.2881E+13,65911080,ISENTO,,N,3999,6,,
SP,6.09676E+13,1302000,ISENTO,,N,3999,6,,
SP,1.3201E+11,3026001,11415900000000000,,N,,3,,
SC,1.87716E+13,88010120,ISENTO,,N,2062,6,,
GO,9.55211E+12,74805480,ISENTO,,N,,6,,
SP,9.04009E+13,13083100,ISENTO,,N,,6,,
SP,3.94875E+13,4511011,ISENTO,,N,,6,,
SP,4.86133E+13,13729899,64601300000000000,,N,,3,,
SP,1.10452E+13,2422010,ISENTO,,N,2062,6,,
PR,2.69084E+13,80050350,ISENTO,,N,,6,,
SP,6.2367E+13,13368000,25301700000000000,,N,,3,,
SP,1.85391E+13,6455911,ISENTO,,N,,6,,
AL,3.27853E+13,57036510,ISENTO,,N,,6,,
CE,2.67641E+13,63475000,066615348,,N,,3,,
BA,7.2554E+11,45120000,097380818,GOVORD,N,2062,3,,
SP,4.59682E+13,17780000,4220400000000000,,N,2054,3,,
SC,8.3647E+13,88815900,250004119,,N,2062,3,,
SP,4.21663E+13,12308510,39238800000000000,,N,2062,3,,
MS,1.17744E+12,79023201,284532460,,N,2062,3,,
SP,5.09846E+13,13170023,ISENTO,,N,2062,6,,
RJ,2.99904E+11,20050002,ISENTO,,N,2062,6,,
RJ,3.00976E+13,23052160,ISENTO,,N,,6,,
ES,6.11508E+13,29114035,ISENTO,,N,,3,,
SP,1.57682E+12,13083100,2446100000000000,REV,N,,6,,
SP,1.8416E+13,14875436,39106800000000000,,N,,6,,
MG,1.81377E+13,35348000,ISENTO,,N,,6,,
MT,1.14414E+13,78010200,139453059,,N,,3,,
MG,3.99498E+12,36578899,71312000000000000,,N,2062,3,,
SP,1.04932E+13,4533010,ISENTO,,N,,6,,
RJ,3.39274E+13,22775057,ISENTO,,N,,6,,
MG,1.17013E+13,38706420,0021452150087,,N,,3,,
SP,7.84052E+12,13208761,40750200000000000,,N,2062,3,,
AM,7.35876E+12,69059842,054102952,ZFM,N,,3,,1111111111
AM,5.6984E+13,69058830,054701678,,N,2062,3,,
SP,3.05217E+13,3018000,13638300000000000,,N,,3,,
SP,4.9641E+13,6790030,67503600000000000,,N,,3,,
GO,3.81845E+13,74280010,ISENTO,,N,2062,6,,
SC,8.96375E+13,88535000,253691320,,N,,3,,
RS,4.14513E+13,96020260,ISENTO,,N,2232,6,,
SP,1.15468E+13,6711020,27862300000000000,,N,,3,,
SP,6.2473E+13,13420833,53532600000000000,,N,,6,,
PR,2.96501E+12,80010010,ISENTO,GOVORD,N,,6,,
GO,3.76158E+13,74672430,ISENTO,,N,2062,6,,
SP,1.33242E+13,3019900,14231800000000000,,N,2054,3,,
MG,5.68557E+12,36490157,ISENTO,,N,3999,6,,
PR,2.21282E+13,83601170,ISENTO,,N,2062,6,,
SP,3.93501E+13,4052010,13336600000000000,,N,,3,,
SP,5.55173E+13,1311926,ISENTO,,N,,6,,
DF,6.65521E+11,70301970,ISENTO,,N,3999,6,,
SP,5.08025E+13,14091240,12186200000000000,,N,2062,3,,
RJ,3.33495E+13,22775056,ISENTO,,N,2054,6,,
MG,1.97588E+13,30360530,0023134880075,,N,,6,,
ES,6.05373E+13,29092310,ISENTO,,N,2046,6,,
SP,2.47467E+13,17503100,43868100000000000,,N,,3,,
MG,3.43709E+13,35600040,ISENTO,,N,,6,,
MG,4.27061E+13,38709899,0040941050009,,N,2062,3,,
MG,6.00486E+12,38181275,481276000000000000,GOVORD,N,2054,3,,
SP,6.16747E+13,9751000,ISENTO,,N,2062,6,,
SP,4.73796E+13,5347010,14827700000000000,,N,,3,,
TO,3.72369E+12,77804050,ISENTO,,N,,6,,
SP,33757000181,12244000,ISENTO,,N,2240,6,,
SP,3.09216E+13,5432010,ISENTO,,N,,6,,
SP,3.94945E+13,6719460,ISENTO,,N,2062,6,,
PR,7.7857E+13,85813450,9059931358,,N,2062,3,,
SC,7.67269E+13,89245000,ISENTO,,N,,6,,
PR,7.75774E+13,81280120,ISENTO,,N,,6,,
SP,4.38188E+13,29780000,ISENTO,,N,2054,6,,
PE,4.78167E+12,53520810,028738772,,N,,6,,
SP,5.21532E+13,5417002,ISENTO,,N,2062,6,,
TO,2.46549E+13,77370000,ISENTO,,N,,6,,
PR,7.76042E+13,85823990,4100547010,,N,2062,3,,
SP,1.32808E+13,13334040,ISENTO,,N,,6,,
MS,9.65394E+12,79063000,ISENTO,,N,2062,6,,
PE,3.06536E+13,53659899,093525460,,N,2062,3,,
PA,5.28862E+13,68350071,159261961,,N,2062,3,,
RS,1.81975E+13,95703158,ISENTO,,N,,6,,
MG,2.95691E+13,30840563,0031213040078,GOVORD,N,,6,,
SP,6.18277E+13,2712080,1104400000000000,,N,2054,3,,
MA,9.2881E+13,65911080,ISENTO,,N,3999,6,,
SP,6.09676E+13,1302000,ISENTO,,N,3999,6,,
SP,1.3201E+11,3026001,11415900000000000,,N,,3,,
SC,1.87716E+13,88010120,ISENTO,,N,2062,6,,
GO,9.55211E+12,74805480,ISENTO,,N,,6,,
SP,9.04009E+13,13083100,ISENTO,,N,,6,,
SP,3.94875E+13,4511011,ISENTO,,N,,6,,
SP,4.86133E+13,13729899,64601300000000000,,N,,3,,
SP,1.10452E+13,2422010,ISENTO,,N,2062,6,,
PR,2.69084E+13,80050350,ISENTO,,N,,6,,
SP,6.2367E+13,13368000,25301700000000000,,N,,3,,
SP,1.85391E+13,6455911,ISENTO,,N,,6,,
AL,3.27853E+13,57036510,ISENTO,,N,,6,,
CE,2.67641E+13,63475000,066615348,,N,,3,,
BA,7.2554E+11,45120000,097380818,GOVORD,N,2062,3,,
SP,4.59682E+13,17780000,4220400000000000,,N,2054,3,,
SC,8.3647E+13,88815900,250004119,,N,2062,3,,
SP,4.21663E+13,12308510,39238800000000000,,N,2062,3,,
MS,1.17744E+12,79023201,284532460,,N,2062,3,,
SP,5.09846E+13,13170023,ISENTO,,N,2062,6,,
RJ,2.99904E+11,20050002,ISENTO,,N,2062,6,,
RJ,3.00976E+13,23052160,ISENTO,,N,,6,,
ES,6.11508E+13,29114035,ISENTO,,N,,3,,
SP,1.57682E+12,13083100,2446100000000000,,N,,6,,
SP,1.8416E+13,14875436,39106800000000000,,N,,6,,
MG,1.81377E+13,35348000,ISENTO,,N,,6,,
MT,1.14414E+13,78010200,139453059,,N,,3,,
MG,3.99498E+12,36578899,71312000000000000,,N,2062,3,,
SP,1.04932E+13,4533010,ISENTO,,N,,6,,
RJ,3.39274E+13,22775057,ISENTO,,N,,6,,
MG,1.17013E+13,38706420,0021452150087,,N,,3,,
SP,7.84052E+12,13208761,40750200000000000,,N,2062,3,,
AM,7.35876E+12,69059842,054102952,,N,,3,,
AM,5.6984E+13,69058830,054701678,AMOC,N,2062,3,,
SP,3.05217E+13,3018000,13638300000000000,,N,,3,,
SP,4.9641E+13,6790030,67503600000000000,,N,,3,,
GO,3.81845E+13,74280010,ISENTO,,N,2062,6,,
SC,8.96375E+13,88535000,253691320,,N,,3,,
RS,4.14513E+13,96020260,ISENTO,,N,2232,6,,
SP,1.15468E+13,6711020,27862300000000000,,N,,3,,
SP,6.2473E+13,13420833,53532600000000000,,N,,6,,
PR,2.96501E+12,80010010,ISENTO,GOVORD,N,,6,,
GO,3.76158E+13,74672430,ISENTO,,N,2062,6,,
SP,1.33242E+13,3019900,14231800000000000,,N,2054,3,,
MG,5.68557E+12,36490157,ISENTO,,N,3999,6,,
PR,2.21282E+13,83601170,ISENTO,,N,2062,6,,
SP,3.93501E+13,4052010,13336600000000000,,N,,3,,
SP,5.55173E+13,1311926,ISENTO,,N,,6,,
DF,6.65521E+11,70301970,ISENTO,,N,3999,6,,
SP,5.08025E+13,14091240,12186200000000000,,N,2062,3,,
RJ,3.33495E+13,22775056,ISENTO,,N,2054,6,,
MG,1.97588E+13,30360530,0023134880075,,N,,6,,
ES,6.05373E+13,29092310,ISENTO,,N,2046,6,,
SP,2.47467E+13,17503100,43868100000000000,,N,,3,,
MG,3.43709E+13,35600040,ISENTO,,N,,6,,
MG,4.27061E+13,38709899,0040941050009,,N,2062,3,,
MG,6.00486E+12,38181275,481276000000000000,GOVORD,N,2054,3,,
SP,6.16747E+13,9751000,ISENTO,,N,2062,6,,
SP,4.73796E+13,5347010,14827700000000000,,N,,3,,
TO,3.72369E+12,77804050,ISENTO,,N,,6,,
SP,33757000181,12244000,ISENTO,,N,2240,6,,
SP,3.09216E+13,5432010,ISENTO,,N,,6,,
SP,3.94945E+13,6719460,ISENTO,,N,2062,6,,
PR,7.7857E+13,85813450,9059931358,,N,2062,3,,
SC,7.67269E+13,89245000,ISENTO,,N,,6,,
PR,7.75774E+13,81280120,ISENTO,,N,,6,,
SP,4.38188E+13,29780000,ISENTO,,N,2054,6,,
PE,4.78167E+12,53520810,028738772,,N,,6,,
SP,5.21532E+13,5417002,ISENTO,,N,2062,6,,
TO,2.46549E+13,77370000,ISENTO,,N,,6,,
PR,7.76042E+13,85823990,4100547010,,N,2062,3,,
SP,1.32808E+13,13334040,ISENTO,,N,,6,,
MS,9.65394E+12,79063000,ISENTO,,N,2062,6,,
PE,3.06536E+13,53659899,093525460,,N,2062,3,,
PA,5.28862E+13,68350071,159261961,,N,2062,3,,
RS,1.81975E+13,95703158,ISENTO,,N,,6,,
MG,2.95691E+13,30840563,0031213040078,GOVORD,N,,6,,
SP,6.18277E+13,2712080,1104400000000000,,N,2054,3,,
MA,9.2881E+13,65911080,ISENTO,,N,3999,6,,
SP,6.09676E+13,1302000,ISENTO,,N,3999,6,,
SP,1.3201E+11,3026001,11415900000000000,,N,,3,,
SC,1.87716E+13,88010120,ISENTO,,N,2062,6,,
GO,9.55211E+12,74805480,ISENTO,,N,,6,,
SP,9.04009E+13,13083100,ISENTO,,N,,6,,
SP,3.94875E+13,4511011,ISENTO,,N,,6,,
SP,4.86133E+13,13729899,64601300000000000,,N,,3,,
SP,1.10452E+13,2422010,ISENTO,,N,2062,6,,
PR,2.69084E+13,80050350,ISENTO,,N,,6,,
SP,6.2367E+13,13368000,25301700000000000,,N,,3,,
SP,1.85391E+13,6455911,ISENTO,,N,,6,,
AL,3.27853E+13,57036510,ISENTO,,N,,6,,
CE,2.67641E+13,63475000,066615348,,N,,3,,
BA,7.2554E+11,45120000,097380818,GOVORD,N,2062,3,,
SP,4.59682E+13,17780000,4220400000000000,,N,2054,3,,
SC,8.3647E+13,88815900,250004119,,N,2062,3,,
SP,4.21663E+13,12308510,39238800000000000,,N,2062,3,,
MS,1.17744E+12,79023201,284532460,,N,2062,3,,
SP,5.09846E+13,13170023,ISENTO,,N,2062,6,,
RJ,2.99904E+11,20050002,ISENTO,,N,2062,6,,
RJ,3.00976E+13,23052160,ISENTO,,N,,6,,
ES,6.11508E+13,29114035,ISENTO,,N,,3,,
SP,1.57682E+12,13083100,2446100000000000,,N,,6,,
SP,1.8416E+13,14875436,39106800000000000,,N,,6,,
MG,1.81377E+13,35348000,ISENTO,,N,,6,,
MT,1.14414E+13,78010200,139453059,,N,,3,,
MG,3.99498E+12,36578899,71312000000000000,,N,2062,3,,
SP,1.04932E+13,4533010,ISENTO,,N,,6,,
RJ,3.39274E+13,22775057,ISENTO,,N,,6,,
MG,1.17013E+13,38706420,0021452150087,,N,,3,,
SP,7.84052E+12,13208761,40750200000000000,,N,2062,3,,
AM,7.35876E+12,69059842,054102952,AMOC,N,,3,,
AM,5.6984E+13,69058830,054701678,,N,2062,3,,
SP,3.05217E+13,3018000,13638300000000000,,N,,3,,
SP,4.9641E+13,6790030,67503600000000000,,N,,3,,
GO,3.81845E+13,74280010,ISENTO,,N,2062,6,,
SC,8.96375E+13,88535000,253691320,,N,,3,,
RS,4.14513E+13,96020260,ISENTO,,N,2232,6,,
SP,1.15468E+13,6711020,27862300000000000,,N,,3,,
SP,6.2473E+13,13420833,53532600000000000,,N,,6,,
PR,2.96501E+12,80010010,ISENTO,GOVORD,N,,6,,
GO,3.76158E+13,74672430,ISENTO,,N,2062,6,,
SP,1.33242E+13,3019900,14231800000000000,,N,2054,3,,
MG,5.68557E+12,36490157,ISENTO,,N,3999,6,,
PR,2.21282E+13,83601170,ISENTO,,N,2062,6,,
SP,3.93501E+13,4052010,13336600000000000,,N,,3,,
SP,5.55173E+13,1311926,ISENTO,,N,,6,,
DF,6.65521E+11,70301970,ISENTO,,N,3999,6,,
SP,5.08025E+13,14091240,12186200000000000,,N,2062,3,,
RJ,3.33495E+13,22775056,ISENTO,,N,2054,6,,
MG,1.97588E+13,30360530,0023134880075,,N,,6,,
ES,6.05373E+13,29092310,ISENTO,,N,2046,6,,
SP,2.47467E+13,17503100,43868100000000000,,N,,3,,
MG,3.43709E+13,35600040,ISENTO,,N,,6,,
MG,4.27061E+13,38709899,0040941050009,,N,2062,3,,
MG,6.00486E+12,38181275,481276000000000000,GOVORD,N,2054,3,,
SP,6.16747E+13,9751000,ISENTO,,N,2062,6,,
SP,4.73796E+13,5347010,14827700000000000,,N,,3,,
TO,3.72369E+12,77804050,ISENTO,,N,,6,,
SP,33757000181,12244000,ISENTO,,N,2240,6,,
SP,3.09216E+13,5432010,ISENTO,,N,,6,,
SP,3.94945E+13,6719460,ISENTO,,N,2062,6,,
PR,7.7857E+13,85813450,9059931358,,N,2062,3,,
SC,7.67269E+13,89245000,ISENTO,,N,,6,,
PR,7.75774E+13,81280120,ISENTO,,N,,6,,
SP,4.38188E+13,29780000,ISENTO,,N,2054,6,,
PE,4.78167E+12,53520810,028738772,,N,,6,,
SP,5.21532E+13,5417002,ISENTO,,N,2062,6,,
TO,2.46549E+13,77370000,ISENTO,,N,,6,,
PR,7.76042E+13,85823990,4100547010,,N,2062,3,,
SP,1.32808E+13,13334040,ISENTO,,N,,6,,
MS,9.65394E+12,79063000,ISENTO,,N,2062,6,,
PE,3.06536E+13,53659899,093525460,,N,2062,3,,
PA,5.28862E+13,68350071,159261961,,N,2062,3,,
RS,1.81975E+13,95703158,ISENTO,,N,,6,,
MG,2.95691E+13,30840563,0031213040078,GOVORD,N,,6,,
SP,6.18277E+13,2712080,1104400000000000,,N,2054,3,,
MA,9.2881E+13,65911080,ISENTO,,N,3999,6,,
SP,6.09676E+13,1302000,ISENTO,,N,3999,6,,
SP,1.3201E+11,3026001,11415900000000000,,N,,3,,
SC,1.87716E+13,88010120,ISENTO,,N,2062,6,,
GO,9.55211E+12,74805480,ISENTO,,N,,6,,
SP,9.04009E+13,13083100,ISENTO,,N,,6,,
SP,3.94875E+13,4511011,ISENTO,,N,,6,,
SP,4.86133E+13,13729899,64601300000000000,,N,,3,,
SP,1.10452E+13,2422010,ISENTO,,N,2062,6,,
PR,2.69084E+13,80050350,ISENTO,,N,,6,,
SP,6.2367E+13,13368000,25301700000000000,,N,,3,,
SP,1.85391E+13,6455911,ISENTO,,N,,6,,
AL,3.27853E+13,57036510,ISENTO,,N,,6,,
CE,2.67641E+13,63475000,066615348,,N,,3,,
BA,7.2554E+11,45120000,097380818,GOVORD,N,2062,3,,
SP,4.59682E+13,17780000,4220400000000000,,N,2054,3,,
SC,8.3647E+13,88815900,250004119,,N,2062,3,,
SP,4.21663E+13,12308510,39238800000000000,,N,2062,3,,
MS,1.17744E+12,79023201,284532460,,N,2062,3,,
SP,5.09846E+13,13170023,ISENTO,,N,2062,6,,
RJ,2.99904E+11,20050002,ISENTO,,N,2062,6,,
RJ,3.00976E+13,23052160,ISENTO,,N,,6,,
ES,6.11508E+13,29114035,ISENTO,,N,,3,,
SP,1.57682E+12,13083100,2446100000000000,,N,,6,,
SP,1.8416E+13,14875436,39106800000000000,,N,,6,,
MG,1.81377E+13,35348000,ISENTO,,N,,6,,
MT,1.14414E+13,78010200,139453059,,N,,3,,
MG,3.99498E+12,36578899,71312000000000000,,N,2062,3,,
SP,1.04932E+13,4533010,ISENTO,,N,,6,,
RJ,3.39274E+13,22775057,ISENTO,,N,,6,,
MG,1.17013E+13,38706420,0021452150087,,N,,3,,
SP,7.84052E+12,13208761,40750200000000000,REV,N,2062,3,,
AM,7.35876E+12,69059842,054102952,,N,,3,,
AM,5.6984E+13,69058830,054701678,,N,2062,3,,
SP,3.05217E+13,3018000,13638300000000000,,N,,3,,
SP,4.9641E+13,6790030,67503600000000000,,N,,3,,
GO,3.81845E+13,74280010,ISENTO,,N,2062,6,,
SC,8.96375E+13,88535000,253691320,,N,,3,,
RS,4.14513E+13,96020260,ISENTO,,N,2232,6,,
SP,1.15468E+13,6711020,27862300000000000,,N,,3,,
SP,6.2473E+13,13420833,53532600000000000,,N,,6,,
PR,2.96501E+12,80010010,ISENTO,GOVORD,N,,6,,
GO,3.76158E+13,74672430,ISENTO,,N,2062,6,,
SP,1.33242E+13,3019900,14231800000000000,,N,2054,3,,
MG,5.68557E+12,36490157,ISENTO,,N,3999,6,,
PR,2.21282E+13,83601170,ISENTO,,N,2062,6,,
SP,3.93501E+13,4052010,13336600000000000,REV,N,,3,,
SP,5.55173E+13,1311926,ISENTO,,N,,6,,
DF,6.65521E+11,70301970,ISENTO,,N,3999,6,,
SP,5.08025E+13,14091240,12186200000000000,,N,2062,3,,
RJ,3.33495E+13,22775056,ISENTO,,N,2054,6,,
MG,1.97588E+13,30360530,0023134880075,,N,,6,,
ES,6.05373E+13,29092310,ISENTO,,N,2046,6,,
SP,2.47467E+13,17503100,43868100000000000,,N,,3,,
MG,3.43709E+13,35600040,ISENTO,,N,,6,,
MG,4.27061E+13,38709899,0040941050009,,N,2062,3,,
MG,6.00486E+12,38181275,481276000000000000,GOVORD,N,2054,3,,
SP,6.16747E+13,9751000,ISENTO,,N,2062,6,,
SP,4.73796E+13,5347010,14827700000000000,,N,,3,,
TO,3.72369E+12,77804050,ISENTO,,N,,6,,
SP,33757000181,12244000,ISENTO,,N,2240,6,,
SP,3.09216E+13,5432010,ISENTO,,N,,6,,
SP,3.94945E+13,6719460,ISENTO,,N,2062,6,,
PR,7.7857E+13,85813450,9059931358,,N,2062,3,,
SC,7.67269E+13,89245000,ISENTO,,N,,6,,
PR,7.75774E+13,81280120,ISENTO,,N,,6,,
SP,4.38188E+13,29780000,ISENTO,,N,2054,6,,
PE,4.78167E+12,53520810,028738772,,N,,6,,
SP,5.21532E+13,5417002,ISENTO,,N,2062,6,,
TO,2.46549E+13,77370000,ISENTO,,N,,6,,
PR,7.76042E+13,85823990,4100547010,,N,2062,3,,
SP,1.32808E+13,13334040,ISENTO,,N,,6,,
MS,9.65394E+12,79063000,ISENTO,,N,2062,6,,
PE,3.06536E+13,53659899,093525460,,N,2062,3,,
PA,5.28862E+13,68350071,159261961,,N,2062,3,,
RS,1.81975E+13,95703158,ISENTO,,N,,6,,
MG,2.95691E+13,30840563,0031213040078,GOVORD,N,,6,,
SP,6.18277E+13,2712080,1104400000000000,,N,2054,3,,
MA,9.2881E+13,65911080,ISENTO,,N,3999,6,,
SP,6.09676E+13,1302000,ISENTO,,N,3999,6,,
SP,1.3201E+11,3026001,11415900000000000,,N,,3,,
SC,1.87716E+13,88010120,ISENTO,,N,2062,6,,
GO,9.55211E+12,74805480,ISENTO,,N,,6,,
SP,9.04009E+13,13083100,ISENTO,,N,,6,,
SP,3.94875E+13,4511011,ISENTO,,N,,6,,
SP,4.86133E+13,13729899,64601300000000000,REV,N,,3,,
SP,1.10452E+13,2422010,ISENTO,,N,2062,6,,
PR,2.69084E+13,80050350,ISENTO,,N,,6,,
SP,6.2367E+13,13368000,25301700000000000,,N,,3,,
SP,1.85391E+13,6455911,ISENTO,,N,,6,,
AL,3.27853E+13,57036510,ISENTO,,N,,6,,
CE,2.67641E+13,63475000,066615348,,N,,3,,
BA,7.2554E+11,45120000,097380818,GOVORD,N,2062,3,,
SP,4.59682E+13,17780000,4220400000000000,,N,2054,3,,
SC,8.3647E+13,88815900,250004119,,N,2062,3,,
SP,4.21663E+13,12308510,39238800000000000,,N,2062,3,,
MS,1.17744E+12,79023201,284532460,,N,2062,3,,
SP,5.09846E+13,13170023,ISENTO,,N,2062,6,,
RJ,2.99904E+11,20050002,ISENTO,,N,2062,6,,
RJ,3.00976E+13,23052160,ISENTO,,N,,6,,
ES,6.11508E+13,29114035,ISENTO,,N,,3,,
SP,1.57682E+12,13083100,2446100000000000,,N,,6,,
SP,1.8416E+13,14875436,39106800000000000,REV,N,,6,,
MG,1.81377E+13,35348000,ISENTO,,N,,6,,
MT,1.14414E+13,78010200,139453059,,N,,3,,
MG,3.99498E+12,36578899,71312000000000000,,N,2062,3,,
SP,1.04932E+13,4533010,ISENTO,,N,,6,,
RJ,3.39274E+13,22775057,ISENTO,,N,,6,,
MG,1.17013E+13,38706420,0021452150087,,N,,3,,
SP,7.84052E+12,13208761,40750200000000000,,N,2062,3,,
AM,7.35876E+12,69059842,054102952,ZFM,N,,3,,1111111111
AM,5.6984E+13,69058830,054701678,,N,2062,3,,
SP,3.05217E+13,3018000,13638300000000000,,N,,3,,
SP,4.9641E+13,6790030,67503600000000000,,N,,3,,
GO,3.81845E+13,74280010,ISENTO,,N,2062,6,,
SC,8.96375E+13,88535000,253691320,,N,,3,,
RS,4.14513E+13,96020260,ISENTO,,N,2232,6,,
SP,1.15468E+13,6711020,27862300000000000,,N,,3,,
SP,6.2473E+13,13420833,53532600000000000,REV,N,,6,,
PR,2.96501E+12,80010010,ISENTO,GOVORD,N,,6,,
GO,3.76158E+13,74672430,ISENTO,,N,2062,6,,
SP,1.33242E+13,3019900,14231800000000000,,N,2054,3,,
MG,5.68557E+12,36490157,ISENTO,,N,3999,6,,
PR,2.21282E+13,83601170,ISENTO,,N,2062,6,,
SP,3.93501E+13,4052010,13336600000000000,REV,N,,3,,
SP,5.55173E+13,1311926,ISENTO,,N,,6,,
DF,6.65521E+11,70301970,ISENTO,,N,3999,6,,
SP,5.08025E+13,14091240,12186200000000000,,N,2062,3,,
RJ,3.33495E+13,22775056,ISENTO,,N,2054,6,,
MG,1.97588E+13,30360530,0023134880075,,N,,6,,
ES,6.05373E+13,29092310,ISENTO,,N,2046,6,,
SP,2.47467E+13,17503100,43868100000000000,,N,,3,,
MG,3.43709E+13,35600040,ISENTO,,N,,6,,
MG,4.27061E+13,38709899,0040941050009,,N,2062,3,,
MG,6.00486E+12,38181275,481276000000000000,GOVORD,N,2054,3,,
SP,6.16747E+13,9751000,ISENTO,,N,2062,6,,
SP,4.73796E+13,5347010,14827700000000000,,N,,3,,
TO,3.72369E+12,77804050,ISENTO,,N,,6,,
SP,33757000181,12244000,ISENTO,,N,2240,6,,
SP,3.09216E+13,5432010,ISENTO,,N,,6,,
SP,3.94945E+13,6719460,ISENTO,,N,2062,6,,
PR,7.7857E+13,85813450,9059931358,,N,2062,3,,
SC,7.67269E+13,89245000,ISENTO,,N,,6,,
PR,7.75774E+13,81280120,ISENTO,,N,,6,,
SP,4.38188E+13,29780000,ISENTO,,N,2054,6,,
PE,4.78167E+12,53520810,028738772,REV,N,,6,,
SP,5.21532E+13,5417002,ISENTO,,N,2062,6,,
TO,2.46549E+13,77370000,ISENTO,,N,,6,,
PR,7.76042E+13,85823990,4100547010,,N,2062,3,,
SP,1.32808E+13,13334040,ISENTO,,N,,6,,
MS,9.65394E+12,79063000,ISENTO,,N,2062,6,,
PE,3.06536E+13,53659899,093525460,,N,2062,3,,
PA,5.28862E+13,68350071,159261961,,N,2062,3,,
RS,1.81975E+13,95703158,ISENTO,,N,,6,,
MG,2.95691E+13,30840563,0031213040078,GOVORD,N,,6,,
SP,6.18277E+13,2712080,1104400000000000,,N,2054,3,,
MA,9.2881E+13,65911080,ISENTO,,N,3999,6,,
SP,6.09676E+13,1302000,ISENTO,,N,3999,6,,
SP,1.3201E+11,3026001,11415900000000000,REV,N,,3,,
SC,1.87716E+13,88010120,ISENTO,,N,2062,6,,
GO,9.55211E+12,74805480,ISENTO,,N,,6,,
SP,9.04009E+13,13083100,ISENTO,,N,,6,,
SP,3.94875E+13,4511011,ISENTO,,N,,6,,
SP,4.86133E+13,13729899,64601300000000000,,N,,3,,
SP,1.10452E+13,2422010,ISENTO,,N,2062,6,,
PR,2.69084E+13,80050350,ISENTO,,N,,6,,
SP,6.2367E+13,13368000,25301700000000000,,N,,3,,
SP,1.85391E+13,6455911,ISENTO,,N,,6,,
AL,3.27853E+13,57036510,ISENTO,,N,,6,,
CE,2.67641E+13,63475000,066615348,,N,,3,,
BA,7.2554E+11,45120000,097380818,GOVORD,N,2062,3,,
SP,4.59682E+13,17780000,4220400000000000,,N,2054,3,,
SC,8.3647E+13,88815900,250004119,,N,2062,3,,
SP,4.21663E+13,12308510,39238800000000000,,N,2062,3,,
MS,1.17744E+12,79023201,284532460,,N,2062,3,,
SP,5.09846E+13,13170023,ISENTO,,N,2062,6,,
RJ,2.99904E+11,20050002,ISENTO,,N,2062,6,,
RJ,3.00976E+13,23052160,ISENTO,,N,,6,,
ES,6.11508E+13,29114035,ISENTO,,N,,3,,
SP,1.57682E+12,13083100,2446100000000000,,N,,6,,
SP,1.8416E+13,14875436,39106800000000000,REV,N,,6,,
MG,1.81377E+13,35348000,ISENTO,,N,,6,,
MT,1.14414E+13,78010200,139453059,,N,,3,,
MG,3.99498E+12,36578899,71312000000000000,,N,2062,3,,
SP,1.04932E+13,4533010,ISENTO,,N,,6,,
RJ,3.39274E+13,22775057,ISENTO,,N,,6,,
MG,1.17013E+13,38706420,0021452150087,,N,,3,,
SP,7.84052E+12,13208761,40750200000000000,REV,N,2062,3,,
AM,7.35876E+12,69059842,054102952,,N,,3,,
AM,5.6984E+13,69058830,054701678,,N,2062,3,,
SP,3.05217E+13,3018000,13638300000000000,,N,,3,,
SP,4.9641E+13,6790030,67503600000000000,,N,,3,,
GO,3.81845E+13,74280010,ISENTO,,N,2062,6,,
SC,8.96375E+13,88535000,253691320,REV,N,,3,,
RS,4.14513E+13,96020260,ISENTO,,N,2232,6,,
SP,1.15468E+13,6711020,27862300000000000,,N,,3,,
SP,6.2473E+13,13420833,53532600000000000,,N,,6,,
PR,2.96501E+12,80010010,ISENTO,GOVORD,N,,6,,
GO,3.76158E+13,74672430,ISENTO,,N,2062,6,,
SP,1.33242E+13,3019900,14231800000000000,REV,N,2054,3,,
MG,5.68557E+12,36490157,ISENTO,,N,3999,6,,
PR,2.21282E+13,83601170,ISENTO,,N,2062,6,,
SP,3.93501E+13,4052010,13336600000000000,,N,,3,,
SP,5.55173E+13,1311926,ISENTO,,N,,6,,
DF,6.65521E+11,70301970,ISENTO,,N,3999,6,,
SP,5.08025E+13,14091240,12186200000000000,,N,2062,3,,
RJ,3.33495E+13,22775056,ISENTO,,N,2054,6,,
MG,1.97588E+13,30360530,0023134880075,,N,,6,,
ES,6.05373E+13,29092310,ISENTO,,N,2046,6,,
SP,2.47467E+13,17503100,43868100000000000,,N,,3,,
MG,3.43709E+13,35600040,ISENTO,,N,,6,,
MG,4.27061E+13,38709899,0040941050009,,N,2062,3,,
MG,6.00486E+12,38181275,481276000000000000,GOVORD,N,2054,3,,
SP,6.16747E+13,9751000,ISENTO,,N,2062,6,,
SP,4.73796E+13,5347010,14827700000000000,,N,,3,,
TO,3.72369E+12,77804050,ISENTO,,N,,6,,
SP,33757000181,12244000,ISENTO,,N,2240,6,,
SP,3.09216E+13,5432010,ISENTO,,N,,6,,
SP,3.94945E+13,6719460,ISENTO,,N,2062,6,,
PR,7.7857E+13,85813450,9059931358,,N,2062,3,,
SC,7.67269E+13,89245000,ISENTO,,N,,6,,
PR,7.75774E+13,81280120,ISENTO,,N,,6,,
SP,4.38188E+13,29780000,ISENTO,,N,2054,6,,
PE,4.78167E+12,53520810,028738772,,N,,6,,
SP,5.21532E+13,5417002,ISENTO,,N,2062,6,,
TO,2.46549E+13,77370000,ISENTO,,N,,6,,
PR,7.76042E+13,85823990,4100547010,REV,N,2062,3,,
SP,1.32808E+13,13334040,ISENTO,,N,,6,,
MS,9.65394E+12,79063000,ISENTO,,N,2062,6,,
PE,3.06536E+13,53659899,093525460,,N,2062,3,,
PA,5.28862E+13,68350071,159261961,,N,2062,3,,
RS,1.81975E+13,95703158,ISENTO,,N,,6,,
MG,2.95691E+13,30840563,0031213040078,GOVORD,N,,6,,
SP,6.18277E+13,2712080,1104400000000000,,N,2054,3,,
MA,9.2881E+13,65911080,ISENTO,,N,3999,6,,
SP,6.09676E+13,1302000,ISENTO,,N,3999,6,,
SP,1.3201E+11,3026001,11415900000000000,,N,,3,,
SC,1.87716E+13,88010120,ISENTO,,N,2062,6,,
GO,9.55211E+12,74805480,ISENTO,,N,,6,,
SP,9.04009E+13,13083100,ISENTO,,N,,6,,
SP,3.94875E+13,4511011,ISENTO,,N,,6,,
SP,4.86133E+13,13729899,64601300000000000,,N,,3,,
SP,1.10452E+13,2422010,ISENTO,,N,2062,6,,
PR,2.69084E+13,80050350,ISENTO,,N,,6,,
SP,6.2367E+13,13368000,25301700000000000,REV,N,,3,,
SP,1.85391E+13,6455911,ISENTO,,N,,6,,
AL,3.27853E+13,57036510,ISENTO,,N,,6,,
CE,2.67641E+13,63475000,066615348,,N,,3,,
BA,7.2554E+11,45120000,097380818,GOVORD,N,2062,3,,
SP,4.59682E+13,17780000,4220400000000000,,N,2054,3,,
SC,8.3647E+13,88815900,250004119,,N,2062,3,,
SP,4.21663E+13,12308510,39238800000000000,,N,2062,3,,
MS,1.17744E+12,79023201,284532460,,N,2062,3,,
SP,5.09846E+13,13170023,ISENTO,,N,2062,6,,
RJ,2.99904E+11,20050002,ISENTO,,N,2062,6,,
RJ,3.00976E+13,23052160,ISENTO,,N,,6,,
ES,6.11508E+13,29114035,ISENTO,,N,,3,,
SP,1.57682E+12,13083100,2446100000000000,,N,,6,,
SP,1.8416E+13,14875436,39106800000000000,,N,,6,,
MG,1.81377E+13,35348000,ISENTO,,N,,6,,
MT,1.14414E+13,78010200,139453059,,N,,3,,
MG,3.99498E+12,36578899,71312000000000000,,N,2062,3,,
SP,1.04932E+13,4533010,ISENTO,,N,,6,,
RJ,3.39274E+13,22775057,ISENTO,,N,,6,,
MG,1.17013E+13,38706420,0021452150087,,N,,3,,
SP,7.84052E+12,13208761,40750200000000000,REV,N,2062,3,,
AM,7.35876E+12,69059842,054102952,AMOC,N,,3,,
AM,5.6984E+13,69058830,054701678,,N,2062,3,,
SP,3.05217E+13,3018000,13638300000000000,,N,,3,,
SP,4.9641E+13,6790030,67503600000000000,,N,,3,,
GO,3.81845E+13,74280010,ISENTO,,N,2062,6,,
SC,8.96375E+13,88535000,253691320,,N,,3,,
RS,4.14513E+13,96020260,ISENTO,,N,2232,6,,
SP,1.15468E+13,6711020,27862300000000000,,N,,3,,
SP,6.2473E+13,13420833,53532600000000000,,N,,6,,
PR,2.96501E+12,80010010,ISENTO,GOVORD,N,,6,,
GO,3.76158E+13,74672430,ISENTO,,N,2062,6,,
SP,1.33242E+13,3019900,14231800000000000,,N,2054,3,,
MG,5.68557E+12,36490157,ISENTO,,N,3999,6,,
PR,2.21282E+13,83601170,ISENTO,,N,2062,6,,
SP,3.93501E+13,4052010,13336600000000000,,N,,3,,
SP,5.55173E+13,1311926,ISENTO,,N,,6,,
DF,6.65521E+11,70301970,ISENTO,,N,3999,6,,
SP,5.08025E+13,14091240,12186200000000000,,N,2062,3,,
RJ,3.33495E+13,22775056,ISENTO,,N,2054,6,,
MG,1.97588E+13,30360530,0023134880075,,N,,6,,
ES,6.05373E+13,29092310,ISENTO,,N,2046,6,,
SP,2.47467E+13,17503100,43868100000000000,REV,N,,3,,
MG,3.43709E+13,35600040,ISENTO,,N,,6,,
MG,4.27061E+13,38709899,0040941050009,,N,2062,3,,
MG,6.00486E+12,38181275,481276000000000000,GOVORD,N,2054,3,,
SP,6.16747E+13,9751000,ISENTO,,N,2062,6,,
SP,4.73796E+13,5347010,14827700000000000,,N,,3,,
TO,3.72369E+12,77804050,ISENTO,,N,,6,,
SP,33757000181,12244000,ISENTO,,N,2240,6,,
SP,3.09216E+13,5432010,ISENTO,,N,,6,,
SP,3.94945E+13,6719460,ISENTO,,N,2062,6,,
PR,7.7857E+13,85813450,9059931358,,N,2062,3,,
SC,7.67269E+13,89245000,ISENTO,,N,,6,,
PR,7.75774E+13,81280120,ISENTO,,N,,6,,
SP,4.38188E+13,29780000,ISENTO,,N,2054,6,,
PE,4.78167E+12,53520810,028738772,,N,,6,,
SP,5.21532E+13,5417002,ISENTO,,N,2062,6,,
TO,2.46549E+13,77370000,ISENTO,,N,,6,,
PR,7.76042E+13,85823990,4100547010,,N,2062,3,,
SP,1.32808E+13,13334040,ISENTO,,N,,6,,
MS,9.65394E+12,79063000,ISENTO,,N,2062,6,,
PE,3.06536E+13,53659899,093525460,,N,2062,3,,
PA,5.28862E+13,68350071,159261961,,N,2062,3,,
RS,1.81975E+13,95703158,ISENTO,,N,,6,,
MG,2.95691E+13,30840563,0031213040078,GOVORD,N,,6,,
SP,6.18277E+13,2712080,1104400000000000,,N,2054,3,,
MA,9.2881E+13,65911080,ISENTO,,N,3999,6,,
SP,6.09676E+13,1302000,ISENTO,,N,3999,6,,
SP,1.3201E+11,3026001,11415900000000000,,N,,3,,
SC,1.87716E+13,88010120,ISENTO,,N,2062,6,,
GO,9.55211E+12,74805480,ISENTO,,N,,6,,
SP,9.04009E+13,13083100,ISENTO,,N,,6,,
SP,3.94875E+13,4511011,ISENTO,,N,,6,,
SP,4.86133E+13,13729899,64601300000000000,,N,,3,,
SP,1.10452E+13,2422010,ISENTO,,N,2062,6,,
PR,2.69084E+13,80050350,ISENTO,,N,,6,,
SP,6.2367E+13,13368000,25301700000000000,,N,,3,,
SP,1.85391E+13,6455911,ISENTO,,N,,6,,
AL,3.27853E+13,57036510,ISENTO,,N,,6,,
CE,2.67641E+13,63475000,066615348,,N,,3,,
BA,7.2554E+11,45120000,097380818,GOVORD,N,2062,3,,
SP,4.59682E+13,17780000,4220400000000000,,N,2054,3,,
SC,8.3647E+13,88815900,250004119,,N,2062,3,,
SP,4.21663E+13,12308510,39238800000000000,,N,2062,3,,
MS,1.17744E+12,79023201,284532460,,N,2062,3,,
SP,5.09846E+13,13170023,ISENTO,,N,2062,6,,
RJ,2.99904E+11,20050002,ISENTO,,N,2062,6,,
RJ,3.00976E+13,23052160,ISENTO,,N,,6,,
ES,6.11508E+13,29114035,ISENTO,,N,,3,,
SP,1.57682E+12,13083100,2446100000000000,,N,,6,,
SP,1.8416E+13,14875436,39106800000000000,,N,,6,,
MG,1.81377E+13,35348000,ISENTO,,N,,6,,
MT,1.14414E+13,78010200,139453059,,N,,3,,
MG,3.99498E+12,36578899,71312000000000000,,N,2062,3,,
SP,1.04932E+13,4533010,ISENTO,,N,,6,,
RJ,3.39274E+13,22775057,ISENTO,,N,,6,,
MG,1.17013E+13,38706420,0021452150087,,N,,3,,
SP,7.84052E+12,13208761,40750200000000000,,N,2062,3,,
AM,7.35876E+12,69059842,054102952,,N,,3,,
AM,5.6984E+13,69058830,054701678,REV,N,2062,3,,
SP,3.05217E+13,3018000,13638300000000000,,N,,3,,
SP,4.9641E+13,6790030,67503600000000000,,N,,3,,
GO,3.81845E+13,74280010,ISENTO,,N,2062,6,,
SC,8.96375E+13,88535000,253691320,,N,,3,,
RS,4.14513E+13,96020260,ISENTO,,N,2232,6,,
SP,1.15468E+13,6711020,27862300000000000,,N,,3,,
SP,6.2473E+13,13420833,53532600000000000,,N,,6,,
PR,2.96501E+12,80010010,ISENTO,GOVORD,N,,6,,
GO,3.76158E+13,74672430,ISENTO,,N,2062,6,,
SP,1.33242E+13,3019900,14231800000000000,REV,N,2054,3,,
MG,5.68557E+12,36490157,ISENTO,,N,3999,6,,
PR,2.21282E+13,83601170,ISENTO,,N,2062,6,,
SP,3.93501E+13,4052010,13336600000000000,,N,,3,,
SP,5.55173E+13,1311926,ISENTO,,N,,6,,
DF,6.65521E+11,70301970,ISENTO,,N,3999,6,,
SP,5.08025E+13,14091240,12186200000000000,,N,2062,3,,
RJ,3.33495E+13,22775056,ISENTO,,N,2054,6,,
MG,1.97588E+13,30360530,0023134880075,,N,,6,,
ES,6.05373E+13,29092310,ISENTO,,N,2046,6,,
SP,2.47467E+13,17503100,43868100000000000,,N,,3,,
MG,3.43709E+13,35600040,ISENTO,,N,,6,,
MG,4.27061E+13,38709899,0040941050009,,N,2062,3,,
MG,6.00486E+12,38181275,481276000000000000,GOVORD,N,2054,3,,
SP,6.16747E+13,9751000,ISENTO,,N,2062,6,,
SP,4.73796E+13,5347010,14827700000000000,,N,,3,,
TO,3.72369E+12,77804050,ISENTO,,N,,6,,
SP,33757000181,12244000,ISENTO,,N,2240,6,,
SP,3.09216E+13,5432010,ISENTO,,N,,6,,
SP,3.94945E+13,6719460,ISENTO,,N,2062,6,,
PR,7.7857E+13,85813450,9059931358,,N,2062,3,,
SC,7.67269E+13,89245000,ISENTO,,N,,6,,
PR,7.75774E+13,81280120,ISENTO,,N,,6,,
SP,4.38188E+13,29780000,ISENTO,,N,2054,6,,
PE,4.78167E+12,53520810,028738772,,N,,6,,
SP,5.21532E+13,5417002,ISENTO,,N,2062,6,,
TO,2.46549E+13,77370000,ISENTO,,N,,6,,
PR,7.76042E+13,85823990,4100547010,,N,2062,3,,
SP,1.32808E+13,13334040,ISENTO,,N,,6,,
MS,9.65394E+12,79063000,ISENTO,,N,2062,6,,
PE,3.06536E+13,53659899,093525460,,N,2062,3,,
PA,5.28862E+13,68350071,159261961,,N,2062,3,,
RS,1.81975E+13,95703158,ISENTO,,N,,6,,
MG,2.95691E+13,30840563,0031213040078,GOVORD,N,,6,,
SP,6.18277E+13,2712080,1104400000000000,,N,2054,3,,
MA,9.2881E+13,65911080,ISENTO,,N,3999,6,,
SP,6.09676E+13,1302000,ISENTO,,N,3999,6,,
SP,1.3201E+11,3026001,11415900000000000,,N,,3,,
SC,1.87716E+13,88010120,ISENTO,,N,2062,6,,
GO,9.55211E+12,74805480,ISENTO,,N,,6,,
SP,9.04009E+13,13083100,ISENTO,,N,,6,,
SP,3.94875E+13,4511011,ISENTO,,N,,6,,
SP,4.86133E+13,13729899,64601300000000000,,N,,3,,
SP,1.10452E+13,2422010,ISENTO,,N,2062,6,,
PR,2.69084E+13,80050350,ISENTO,,N,,6,,
SP,6.2367E+13,13368000,25301700000000000,,N,,3,,
SP,1.85391E+13,6455911,ISENTO,,N,,6,,
AL,3.27853E+13,57036510,ISENTO,,N,,6,,
CE,2.67641E+13,63475000,066615348,,N,,3,,
BA,7.2554E+11,45120000,097380818,GOVORD,N,2062,3,,
SP,4.59682E+13,17780000,4220400000000000,,N,2054,3,,
SC,8.3647E+13,88815900,250004119,,N,2062,3,,
SP,4.21663E+13,12308510,39238800000000000,,N,2062,3,,
MS,1.17744E+12,79023201,284532460,,N,2062,3,,
SP,5.09846E+13,13170023,ISENTO,,N,2062,6,,
RJ,2.99904E+11,20050002,ISENTO,,N,2062,6,,
RJ,3.00976E+13,23052160,ISENTO,,N,,6,,
ES,6.11508E+13,29114035,ISENTO,,N,,3,,
SP,1.57682E+12,13083100,2446100000000000,,N,,6,,
SP,1.8416E+13,14875436,39106800000000000,,N,,6,,
MG,1.81377E+13,35348000,ISENTO,,N,,6,,
MT,1.14414E+13,78010200,139453059,,N,,3,,
MG,3.99498E+12,36578899,71312000000000000,,N,2062,3,,
SP,1.04932E+13,4533010,ISENTO,,N,,6,,
RJ,3.39274E+13,22775057,ISENTO,,N,,6,,
MG,1.17013E+13,38706420,0021452150087,,N,,3,,
SP,7.84052E+12,13208761,40750200000000000,,N,2062,3,,
AM,7.35876E+12,69059842,054102952,,N,,3,,
AM,5.6984E+13,69058830,054701678,ZFM,N,2062,3,,1111111111
SP,3.05217E+13,3018000,13638300000000000,,N,,3,,
SP,4.9641E+13,6790030,67503600000000000,,N,,3,,
GO,3.81845E+13,74280010,ISENTO,,N,2062,6,,
SC,8.96375E+13,88535000,253691320,,N,,3,,
RS,4.14513E+13,96020260,ISENTO,,N,2232,6,,
SP,1.15468E+13,6711020,27862300000000000,,N,,3,,
SP,6.2473E+13,13420833,53532600000000000,,N,,6,,
PR,2.96501E+12,80010010,ISENTO,GOVORD,N,,6,,
GO,3.76158E+13,74672430,ISENTO,,N,2062,6,,
SP,1.33242E+13,3019900,14231800000000000,,N,2054,3,,
MG,5.68557E+12,36490157,ISENTO,,N,3999,6,,
PR,2.21282E+13,83601170,ISENTO,,N,2062,6,,
SP,3.93501E+13,4052010,13336600000000000,,N,,3,,
SP,5.55173E+13,1311926,ISENTO,,N,,6,,
DF,6.65521E+11,70301970,ISENTO,,N,3999,6,,
SP,5.08025E+13,14091240,12186200000000000,,N,2062,3,,
RJ,3.33495E+13,22775056,ISENTO,,N,2054,6,,
MG,1.97588E+13,30360530,0023134880075,,N,,6,,
ES,6.05373E+13,29092310,ISENTO,,N,2046,6,,
SP,2.47467E+13,17503100,43868100000000000,,N,,3,,
MG,3.43709E+13,35600040,ISENTO,,N,,6,,
MG,4.27061E+13,38709899,0040941050009,,N,2062,3,,
MG,6.00486E+12,38181275,481276000000000000,GOVORD,N,2054,3,,
SP,6.16747E+13,9751000,ISENTO,,N,2062,6,,
SP,4.73796E+13,5347010,14827700000000000,,N,,3,,
TO,3.72369E+12,77804050,ISENTO,,N,,6,,
SP,33757000181,12244000,ISENTO,,N,2240,6,,
SP,3.09216E+13,5432010,ISENTO,,N,,6,,
SP,3.94945E+13,6719460,ISENTO,,N,2062,6,,
PR,7.7857E+13,85813450,9059931358,,N,2062,3,,
SC,7.67269E+13,89245000,ISENTO,,N,,6,,
PR,7.75774E+13,81280120,ISENTO,,N,,6,,
SP,4.38188E+13,29780000,ISENTO,,N,2054,6,,
PE,4.78167E+12,53520810,028738772,,N,,6,,
SP,5.21532E+13,5417002,ISENTO,,N,2062,6,,
TO,2.46549E+13,77370000,ISENTO,,N,,6,,
PR,7.76042E+13,85823990,4100547010,,N,2062,3,,
SP,1.32808E+13,13334040,ISENTO,,N,,6,,
MS,9.65394E+12,79063000,ISENTO,,N,2062,6,,
PE,3.06536E+13,53659899,093525460,,N,2062,3,,
PA,5.28862E+13,68350071,159261961,,N,2062,3,,
RS,1.81975E+13,95703158,ISENTO,,N,,6,,
MG,2.95691E+13,30840563,0031213040078,GOVORD,N,,6,,
SP,6.18277E+13,2712080,1104400000000000,,N,2054,3,,
MA,9.2881E+13,65911080,ISENTO,,N,3999,6,,
SP,6.09676E+13,1302000,ISENTO,,N,3999,6,,
SP,1.3201E+11,3026001,11415900000000000,,N,,3,,
SC,1.87716E+13,88010120,ISENTO,,N,2062,6,,
GO,9.55211E+12,74805480,ISENTO,,N,,6,,
SP,9.04009E+13,13083100,ISENTO,,N,,6,,
SP,3.94875E+13,4511011,ISENTO,,N,,6,,
SP,4.86133E+13,13729899,64601300000000000,REV,N,,3,,
SP,1.10452E+13,2422010,ISENTO,,N,2062,6,,
PR,2.69084E+13,80050350,ISENTO,,N,,6,,
SP,6.2367E+13,13368000,25301700000000000,,N,,3,,
SP,1.85391E+13,6455911,ISENTO,,N,,6,,
AL,3.27853E+13,57036510,ISENTO,,N,,6,,
CE,2.67641E+13,63475000,066615348,,N,,3,,
BA,7.2554E+11,45120000,097380818,GOVORD,N,2062,3,,
SP,4.59682E+13,17780000,4220400000000000,,N,2054,3,,
SC,8.3647E+13,88815900,250004119,,N,2062,3,,
SP,4.21663E+13,12308510,39238800000000000,,N,2062,3,,
MS,1.17744E+12,79023201,284532460,,N,2062,3,,
SP,5.09846E+13,13170023,ISENTO,,N,2062,6,,
RJ,2.99904E+11,20050002,ISENTO,,N,2062,6,,
RJ,3.00976E+13,23052160,ISENTO,,N,,6,,
ES,6.11508E+13,29114035,ISENTO,,N,,3,,
SP,1.57682E+12,13083100,2446100000000000,,N,,6,,
SP,1.8416E+13,14875436,39106800000000000,,N,,6,,
MG,1.81377E+13,35348000,ISENTO,,N,,6,,
MT,1.14414E+13,78010200,139453059,,N,,3,,
MG,3.99498E+12,36578899,71312000000000000,,N,2062,3,,
SP,1.04932E+13,4533010,ISENTO,,N,,6,,
RJ,3.39274E+13,22775057,ISENTO,,N,,6,,
MG,1.17013E+13,38706420,0021452150087,,N,,3,,
SP,7.84052E+12,13208761,40750200000000000,,N,2062,3,,
AM,7.35876E+12,69059842,054102952,,N,,3,,
AM,5.6984E+13,69058830,054701678,AMOC,N,2062,3,,
SP,3.05217E+13,3018000,13638300000000000,,N,,3,,
SP,4.9641E+13,6790030,67503600000000000,,N,,3,,
GO,3.81845E+13,74280010,ISENTO,,N,2062,6,,
SC,8.96375E+13,88535000,253691320,,N,,3,,
RS,4.14513E+13,96020260,ISENTO,,N,2232,6,,
SP,1.15468E+13,6711020,27862300000000000,,N,,3,,
SP,6.2473E+13,13420833,53532600000000000,,N,,6,,
PR,2.96501E+12,80010010,ISENTO,GOVORD,N,,6,,
GO,3.76158E+13,74672430,ISENTO,,N,2062,6,,
SP,1.33242E+13,3019900,14231800000000000,,N,2054,3,,
MG,5.68557E+12,36490157,ISENTO,,N,3999,6,,
PR,2.21282E+13,83601170,ISENTO,,N,2062,6,,
SP,3.93501E+13,4052010,13336600000000000,,N,,3,,
SP,5.55173E+13,1311926,ISENTO,,N,,6,,
DF,6.65521E+11,70301970,ISENTO,,N,3999,6,,
SP,5.08025E+13,14091240,12186200000000000,,N,2062,3,,
RJ,3.33495E+13,22775056,ISENTO,,N,2054,6,,
MG,1.97588E+13,30360530,0023134880075,,N,,6,,
ES,6.05373E+13,29092310,ISENTO,,N,2046,6,,
SP,2.47467E+13,17503100,43868100000000000,,N,,3,,
MG,3.43709E+13,35600040,ISENTO,,N,,6,,
MG,4.27061E+13,38709899,0040941050009,,N,2062,3,,
MG,6.00486E+12,38181275,481276000000000000,GOVORD,N,2054,3,,
SP,6.16747E+13,9751000,ISENTO,,N,2062,6,,
SP,4.73796E+13,5347010,14827700000000000,,N,,3,,
TO,3.72369E+12,77804050,ISENTO,,N,,6,,
SP,33757000181,12244000,ISENTO,,N,2240,6,,
SP,3.09216E+13,5432010,ISENTO,,N,,6,,
SP,3.94945E+13,6719460,ISENTO,,N,2062,6,,
PR,7.7857E+13,85813450,9059931358,,N,2062,3,,
SC,7.67269E+13,89245000,ISENTO,,N,,6,,
PR,7.75774E+13,81280120,ISENTO,,N,,6,,
SP,4.38188E+13,29780000,ISENTO,,N,2054,6,,
PE,4.78167E+12,53520810,028738772,,N,,6,,
SP,5.21532E+13,5417002,ISENTO,,N,2062,6,,
TO,2.46549E+13,77370000,ISENTO,,N,,6,,
PR,7.76042E+13,85823990,4100547010,,N,2062,3,,
SP,1.32808E+13,13334040,ISENTO,,N,,6,,
MS,9.65394E+12,79063000,ISENTO,,N,2062,6,,
PE,3.06536E+13,53659899,093525460,,N,2062,3,,
PA,5.28862E+13,68350071,159261961,,N,2062,3,,
RS,1.81975E+13,95703158,ISENTO,,N,,6,,
MG,2.95691E+13,30840563,0031213040078,GOVORD,N,,6,,
SP,6.18277E+13,2712080,1104400000000000,,N,2054,3,,
MA,9.2881E+13,65911080,ISENTO,,N,3999,6,,
SP,6.09676E+13,1302000,ISENTO,,N,3999,6,,
SP,1.3201E+11,3026001,11415900000000000,,N,,3,,
SC,1.87716E+13,88010120,ISENTO,,N,2062,6,,
GO,9.55211E+12,74805480,ISENTO,,N,,6,,
SP,9.04009E+13,13083100,ISENTO,,N,,6,,
SP,3.94875E+13,4511011,ISENTO,,N,,6,,
SP,4.86133E+13,13729899,64601300000000000,,N,,3,,
SP,1.10452E+13,2422010,ISENTO,,N,2062,6,,
PR,2.69084E+13,80050350,ISENTO,,N,,6,,
SP,6.2367E+13,13368000,25301700000000000,,N,,3,,
SP,1.85391E+13,6455911,ISENTO,,N,,6,,
AL,3.27853E+13,57036510,ISENTO,,N,,6,,
CE,2.67641E+13,63475000,066615348,,N,,3,,
BA,7.2554E+11,45120000,097380818,GOVORD,N,2062,3,,
SP,4.59682E+13,17780000,4220400000000000,,N,2054,3,,
SC,8.3647E+13,88815900,250004119,,N,2062,3,,
SP,4.21663E+13,12308510,39238800000000000,,N,2062,3,,
MS,1.17744E+12,79023201,284532460,,N,2062,3,,
SP,5.09846E+13,13170023,ISENTO,,N,2062,6,,
RJ,2.99904E+11,20050002,ISENTO,,N,2062,6,,
RJ,3.00976E+13,23052160,ISENTO,,N,,6,,
ES,6.11508E+13,29114035,ISENTO,,N,,3,,
SP,1.57682E+12,13083100,2446100000000000,,N,,6,,
SP,1.8416E+13,14875436,39106800000000000,,N,,6,,
MG,1.81377E+13,35348000,ISENTO,,N,,6,,
MT,1.14414E+13,78010200,139453059,REV,N,,3,,
MG,3.99498E+12,36578899,71312000000000000,,N,2062,3,,
SP,1.04932E+13,4533010,ISENTO,,N,,6,,
RJ,3.39274E+13,22775057,ISENTO,,N,,6,,
MG,1.17013E+13,38706420,0021452150087,,N,,3,,
SP,7.84052E+12,13208761,40750200000000000,,N,2062,3,,
AM,7.35876E+12,69059842,054102952,AMOC,N,,3,,
AM,5.6984E+13,69058830,054701678,,N,2062,3,,
SP,3.05217E+13,3018000,13638300000000000,,N,,3,,
SP,4.9641E+13,6790030,67503600000000000,,N,,3,,
GO,3.81845E+13,74280010,ISENTO,,N,2062,6,,
SC,8.96375E+13,88535000,253691320,,N,,3,,
RS,4.14513E+13,96020260,ISENTO,,N,2232,6,,
SP,1.15468E+13,6711020,27862300000000000,,N,,3,,
SP,6.2473E+13,13420833,53532600000000000,,N,,6,,
PR,2.96501E+12,80010010,ISENTO,GOVORD,N,,6,,
GO,3.76158E+13,74672430,ISENTO,,N,2062,6,,
SP,1.33242E+13,3019900,14231800000000000,,N,2054,3,,
MG,5.68557E+12,36490157,ISENTO,,N,3999,6,,
PR,2.21282E+13,83601170,ISENTO,,N,2062,6,,
SP,3.93501E+13,4052010,13336600000000000,,N,,3,,
SP,5.55173E+13,1311926,ISENTO,,N,,6,,
DF,6.65521E+11,70301970,ISENTO,,N,3999,6,,
SP,5.08025E+13,14091240,12186200000000000,,N,2062,3,,
RJ,3.33495E+13,22775056,ISENTO,,N,2054,6,,
MG,1.97588E+13,30360530,0023134880075,,N,,6,,
ES,6.05373E+13,29092310,ISENTO,,N,2046,6,,
SP,2.47467E+13,17503100,43868100000000000,,N,,3,,
MG,3.43709E+13,35600040,ISENTO,,N,,6,,
MG,4.27061E+13,38709899,0040941050009,,N,2062,3,,
MG,6.00486E+12,38181275,481276000000000000,GOVORD,N,2054,3,,
SP,6.16747E+13,9751000,ISENTO,,N,2062,6,,
SP,4.73796E+13,5347010,14827700000000000,,N,,3,,
TO,3.72369E+12,77804050,ISENTO,,N,,6,,
SP,33757000181,12244000,ISENTO,,N,2240,6,,
SP,3.09216E+13,5432010,ISENTO,,N,,6,,
SP,3.94945E+13,6719460,ISENTO,,N,2062,6,,
PR,7.7857E+13,85813450,9059931358,,N,2062,3,,
SC,7.67269E+13,89245000,ISENTO,,N,,6,,
PR,7.75774E+13,81280120,ISENTO,,N,,6,,
SP,4.38188E+13,29780000,ISENTO,,N,2054,6,,
PE,4.78167E+12,53520810,028738772,,N,,6,,
SP,5.21532E+13,5417002,ISENTO,,N,2062,6,,
TO,2.46549E+13,77370000,ISENTO,,N,,6,,
PR,7.76042E+13,85823990,4100547010,,N,2062,3,,
SP,1.32808E+13,13334040,ISENTO,,N,,6,,
MS,9.65394E+12,79063000,ISENTO,,N,2062,6,,
PE,3.06536E+13,53659899,093525460,,N,2062,3,,
PA,5.28862E+13,68350071,159261961,,N,2062,3,,
RS,1.81975E+13,95703158,ISENTO,,N,,6,,
MG,2.95691E+13,30840563,0031213040078,GOVORD,N,,6,,
SP,6.18277E+13,2712080,1104400000000000,,N,2054,3,,
MA,9.2881E+13,65911080,ISENTO,,N,3999,6,,
SP,6.09676E+13,1302000,ISENTO,,N,3999,6,,
SP,1.3201E+11,3026001,11415900000000000,,N,,3,,
SC,1.87716E+13,88010120,ISENTO,,N,2062,6,,
GO,9.55211E+12,74805480,ISENTO,,N,,6,,
SP,9.04009E+13,13083100,ISENTO,,N,,6,,
SP,3.94875E+13,4511011,ISENTO,,N,,6,,
SP,4.86133E+13,13729899,64601300000000000,,N,,3,,
SP,1.10452E+13,2422010,ISENTO,,N,2062,6,,
PR,2.69084E+13,80050350,ISENTO,,N,,6,,
SP,6.2367E+13,13368000,25301700000000000,,N,,3,,
SP,1.85391E+13,6455911,ISENTO,,N,,6,,
AL,3.27853E+13,57036510,ISENTO,,N,,6,,
CE,2.67641E+13,63475000,066615348,,N,,3,,
BA,7.2554E+11,45120000,097380818,GOVORD,N,2062,3,,
SP,4.59682E+13,17780000,4220400000000000,,N,2054,3,,
SC,8.3647E+13,88815900,250004119,,N,2062,3,,
SP,4.21663E+13,12308510,39238800000000000,,N,2062,3,,
MS,1.17744E+12,79023201,284532460,,N,2062,3,,
SP,5.09846E+13,13170023,ISENTO,,N,2062,6,,
RJ,2.99904E+11,20050002,ISENTO,,N,2062,6,,
RJ,3.00976E+13,23052160,ISENTO,,N,,6,,
ES,6.11508E+13,29114035,ISENTO,,N,,3,,
SP,1.57682E+12,13083100,2446100000000000,,N,,6,,
SP,1.8416E+13,14875436,39106800000000000,,N,,6,,
MG,1.81377E+13,35348000,ISENTO,,N,,6,,
MT,1.14414E+13,78010200,139453059,,N,,3,,
MG,3.99498E+12,36578899,71312000000000000,,N,2062,3,,
SP,1.04932E+13,4533010,ISENTO,,N,,6,,
RJ,3.39274E+13,22775057,ISENTO,,N,,6,,
MG,1.17013E+13,38706420,0021452150087,,N,,3,,
SP,7.84052E+12,13208761,40750200000000000,,N,2062,3,,
AM,7.35876E+12,69059842,054102952,ZFM,N,,3,,1111111111
AM,5.6984E+13,69058830,054701678,,N,2062,3,,
SP,3.05217E+13,3018000,13638300000000000,,N,,3,,
SP,4.9641E+13,6790030,67503600000000000,,N,,3,,
GO,3.81845E+13,74280010,ISENTO,,N,2062,6,,
SC,8.96375E+13,88535000,253691320,,N,,3,,
RS,4.14513E+13,96020260,ISENTO,,N,2232,6,,
SP,1.15468E+13,6711020,27862300000000000,,N,,3,,
SP,6.2473E+13,13420833,53532600000000000,,N,,6,,
PR,2.96501E+12,80010010,ISENTO,GOVORD,N,,6,,
GO,3.76158E+13,74672430,ISENTO,,N,2062,6,,
SP,1.33242E+13,3019900,14231800000000000,,N,2054,3,,
MG,5.68557E+12,36490157,ISENTO,,N,3999,6,,
PR,2.21282E+13,83601170,ISENTO,,N,2062,6,,
SP,3.93501E+13,4052010,13336600000000000,,N,,3,,
SP,5.55173E+13,1311926,ISENTO,,N,,6,,
DF,6.65521E+11,70301970,ISENTO,,N,3999,6,,
SP,5.08025E+13,14091240,12186200000000000,,N,2062,3,,
RJ,3.33495E+13,22775056,ISENTO,,N,2054,6,,
MG,1.97588E+13,30360530,0023134880075,,N,,6,,
ES,6.05373E+13,29092310,ISENTO,,N,2046,6,,
SP,2.47467E+13,17503100,43868100000000000,,N,,3,,
MG,3.43709E+13,35600040,ISENTO,,N,,6,,
MG,4.27061E+13,38709899,0040941050009,,N,2062,3,,
MG,6.00486E+12,38181275,481276000000000000,GOVORD,N,2054,3,,
SP,6.16747E+13,9751000,ISENTO,,N,2062,6,,
SP,4.73796E+13,5347010,14827700000000000,,N,,3,,
TO,3.72369E+12,77804050,ISENTO,,N,,6,,
SP,33757000181,12244000,ISENTO,,N,2240,6,,
SP,3.09216E+13,5432010,ISENTO,,N,,6,,
SP,3.94945E+13,6719460,ISENTO,,N,2062,6,,
PR,7.7857E+13,85813450,9059931358,,N,2062,3,,
SC,7.67269E+13,89245000,ISENTO,,N,,6,,
PR,7.75774E+13,81280120,ISENTO,,N,,6,,
SP,4.38188E+13,29780000,ISENTO,,N,2054,6,,
PE,4.78167E+12,53520810,028738772,,N,,6,,
SP,5.21532E+13,5417002,ISENTO,,N,2062,6,,
TO,2.46549E+13,77370000,ISENTO,,N,,6,,
PR,7.76042E+13,85823990,4100547010,,N,2062,3,,
SP,1.32808E+13,13334040,ISENTO,,N,,6,,
MS,9.65394E+12,79063000,ISENTO,,N,2062,6,,
PE,3.06536E+13,53659899,093525460,,N,2062,3,,
PA,5.28862E+13,68350071,159261961,,N,2062,3,,
RS,1.81975E+13,95703158,ISENTO,,N,,6,,
MG,2.95691E+13,30840563,0031213040078,GOVORD,N,,6,,
SP,6.18277E+13,2712080,1104400000000000,,N,2054,3,,
MA,9.2881E+13,65911080,ISENTO,,N,3999,6,,
SP,6.09676E+13,1302000,ISENTO,,N,3999,6,,
SP,1.3201E+11,3026001,11415900000000000,,N,,3,,
SC,1.87716E+13,88010120,ISENTO,,N,2062,6,,
GO,9.55211E+12,74805480,ISENTO,,N,,6,,
SP,9.04009E+13,13083100,ISENTO,,N,,6,,
SP,3.94875E+13,4511011,ISENTO,,N,,6,,
SP,4.86133E+13,13729899,64601300000000000,,N,,3,,
SP,1.10452E+13,2422010,ISENTO,,N,2062,6,,
PR,2.69084E+13,80050350,ISENTO,,N,,6,,
SP,6.2367E+13,13368000,25301700000000000,,N,,3,,
SP,1.85391E+13,6455911,ISENTO,,N,,6,,
AL,3.27853E+13,57036510,ISENTO,,N,,6,,
CE,2.67641E+13,63475000,066615348,,N,,3,,
BA,7.2554E+11,45120000,097380818,GOVORD,N,2062,3,,
SP,4.59682E+13,17780000,4220400000000000,,N,2054,3,,
SC,8.3647E+13,88815900,250004119,,N,2062,3,,
SP,4.21663E+13,12308510,39238800000000000,,N,2062,3,,
MS,1.17744E+12,79023201,284532460,,N,2062,3,,
SP,5.09846E+13,13170023,ISENTO,,N,2062,6,,
RJ,2.99904E+11,20050002,ISENTO,,N,2062,6,,
RJ,3.00976E+13,23052160,ISENTO,,N,,6,,
ES,6.11508E+13,29114035,ISENTO,,N,,3,,
SP,1.57682E+12,13083100,2446100000000000,,N,,6,,
SP,1.8416E+13,14875436,39106800000000000,,N,,6,,
MG,1.81377E+13,35348000,ISENTO,,N,,6,,
MT,1.14414E+13,78010200,139453059,,N,,3,,
MG,3.99498E+12,36578899,71312000000000000,,N,2062,3,,
SP,1.04932E+13,4533010,ISENTO,,N,,6,,
RJ,3.39274E+13,22775057,ISENTO,,N,,6,,
MG,1.17013E+13,38706420,0021452150087,REV,N,,3,,
SP,7.84052E+12,13208761,40750200000000000,,N,2062,3,,
AM,7.35876E+12,69059842,054102952,,N,,3,,
AM,5.6984E+13,69058830,054701678,,N,2062,3,,
SP,3.05217E+13,3018000,13638300000000000,,N,,3,,
SP,4.9641E+13,6790030,67503600000000000,,N,,3,,
GO,3.81845E+13,74280010,ISENTO,,N,2062,6,,
SC,8.96375E+13,88535000,253691320,,N,,3,,
RS,4.14513E+13,96020260,ISENTO,,N,2232,6,,
SP,1.15468E+13,6711020,27862300000000000,,N,,3,,
SP,6.2473E+13,13420833,53532600000000000,,N,,6,,
PR,2.96501E+12,80010010,ISENTO,GOVORD,N,,6,,
GO,3.76158E+13,74672430,ISENTO,,N,2062,6,,
SP,1.33242E+13,3019900,14231800000000000,,N,2054,3,,
MG,5.68557E+12,36490157,ISENTO,,N,3999,6,,
PR,2.21282E+13,83601170,ISENTO,,N,2062,6,,
SP,3.93501E+13,4052010,13336600000000000,REV,N,,3,,
SP,5.55173E+13,1311926,ISENTO,,N,,6,,
DF,6.65521E+11,70301970,ISENTO,,N,3999,6,,
SP,5.08025E+13,14091240,12186200000000000,,N,2062,3,,
RJ,3.33495E+13,22775056,ISENTO,,N,2054,6,,
MG,1.97588E+13,30360530,0023134880075,,N,,6,,
ES,6.05373E+13,29092310,ISENTO,,N,2046,6,,
SP,2.47467E+13,17503100,43868100000000000,,N,,3,,
MG,3.43709E+13,35600040,ISENTO,,N,,6,,
MG,4.27061E+13,38709899,0040941050009,,N,2062,3,,
MG,6.00486E+12,38181275,481276000000000000,GOVORD,N,2054,3,,
SP,6.16747E+13,9751000,ISENTO,,N,2062,6,,
SP,4.73796E+13,5347010,14827700000000000,,N,,3,,
TO,3.72369E+12,77804050,ISENTO,,N,,6,,
SP,33757000181,12244000,ISENTO,,N,2240,6,,
SP,3.09216E+13,5432010,ISENTO,,N,,6,,
SP,3.94945E+13,6719460,ISENTO,,N,2062,6,,
PR,7.7857E+13,85813450,9059931358,,N,2062,3,,
SC,7.67269E+13,89245000,ISENTO,,N,,6,,
PR,7.75774E+13,81280120,ISENTO,,N,,6,,
SP,4.38188E+13,29780000,ISENTO,,N,2054,6,,
PE,4.78167E+12,53520810,028738772,,N,,6,,
SP,5.21532E+13,5417002,ISENTO,,N,2062,6,,
TO,2.46549E+13,77370000,ISENTO,,N,,6,,
PR,7.76042E+13,85823990,4100547010,,N,2062,3,,
SP,1.32808E+13,13334040,ISENTO,,N,,6,,
MS,9.65394E+12,79063000,ISENTO,,N,2062,6,,
PE,3.06536E+13,53659899,093525460,,N,2062,3,,
PA,5.28862E+13,68350071,159261961,,N,2062,3,,
RS,1.81975E+13,95703158,ISENTO,,N,,6,,
MG,2.95691E+13,30840563,0031213040078,GOVORD,N,,6,,
SP,6.18277E+13,2712080,1104400000000000,,N,2054,3,,
MA,9.2881E+13,65911080,ISENTO,,N,3999,6,,
SP,6.09676E+13,1302000,ISENTO,,N,3999,6,,
SP,1.3201E+11,3026001,11415900000000000,,N,,3,,
SC,1.87716E+13,88010120,ISENTO,,N,2062,6,,
GO,9.55211E+12,74805480,ISENTO,,N,,6,,
SP,9.04009E+13,13083100,ISENTO,,N,,6,,
SP,3.94875E+13,4511011,ISENTO,,N,,6,,
SP,4.86133E+13,13729899,64601300000000000,,N,,3,,
SP,1.10452E+13,2422010,ISENTO,,N,2062,6,,
PR,2.69084E+13,80050350,ISENTO,,N,,6,,
SP,6.2367E+13,13368000,25301700000000000,,N,,3,,
SP,1.85391E+13,6455911,ISENTO,,N,,6,,
AL,3.27853E+13,57036510,ISENTO,,N,,6,,
CE,2.67641E+13,63475000,066615348,,N,,3,,
BA,7.2554E+11,45120000,097380818,GOVORD,N,2062,3,,
SP,4.59682E+13,17780000,4220400000000000,,N,2054,3,,
SC,8.3647E+13,88815900,250004119,,N,2062,3,,
SP,4.21663E+13,12308510,39238800000000000,,N,2062,3,,
MS,1.17744E+12,79023201,284532460,,N,2062,3,,
SP,5.09846E+13,13170023,ISENTO,,N,2062,6,,
RJ,2.99904E+11,20050002,ISENTO,,N,2062,6,,
RJ,3.00976E+13,23052160,ISENTO,,N,,6,,
ES,6.11508E+13,29114035,ISENTO,,N,,3,,
SP,1.57682E+12,13083100,2446100000000000,,N,,6,,
SP,1.8416E+13,14875436,39106800000000000,,N,,6,,
MG,1.81377E+13,35348000,ISENTO,,N,,6,,
MT,1.14414E+13,78010200,139453059,,N,,3,,
MG,3.99498E+12,36578899,71312000000000000,,N,2062,3,,
SP,1.04932E+13,4533010,ISENTO,,N,,6,,
RJ,3.39274E+13,22775057,ISENTO,,N,,6,,
MG,1.17013E+13,38706420,0021452150087,,N,,3,,
SP,7.84052E+12,13208761,40750200000000000,,N,2062,3,,
AM,7.35876E+12,69059842,054102952,,N,,3,,
AM,5.6984E+13,69058830,054701678,ZFM,N,2062,3,,1111111111
SP,3.05217E+13,3018000,13638300000000000,,N,,3,,
SP,4.9641E+13,6790030,67503600000000000,,N,,3,,
GO,3.81845E+13,74280010,ISENTO,,N,2062,6,,
SC,8.96375E+13,88535000,253691320,REV,N,,3,,
RS,4.14513E+13,96020260,ISENTO,,N,2232,6,,
SP,1.15468E+13,6711020,27862300000000000,,N,,3,,
SP,6.2473E+13,13420833,53532600000000000,,N,,6,,
PR,2.96501E+12,80010010,ISENTO,GOVORD,N,,6,,
GO,3.76158E+13,74672430,ISENTO,,N,2062,6,,
SP,1.33242E+13,3019900,14231800000000000,,N,2054,3,,
MG,5.68557E+12,36490157,ISENTO,,N,3999,6,,
PR,2.21282E+13,83601170,ISENTO,,N,2062,6,,
SP,3.93501E+13,4052010,13336600000000000,,N,,3,,
SP,5.55173E+13,1311926,ISENTO,,N,,6,,
DF,6.65521E+11,70301970,ISENTO,,N,3999,6,,
SP,5.08025E+13,14091240,12186200000000000,,N,2062,3,,
RJ,3.33495E+13,22775056,ISENTO,,N,2054,6,,
MG,1.97588E+13,30360530,0023134880075,,N,,6,,
ES,6.05373E+13,29092310,ISENTO,,N,2046,6,,
SP,2.47467E+13,17503100,43868100000000000,,N,,3,,
MG,3.43709E+13,35600040,ISENTO,,N,,6,,
MG,4.27061E+13,38709899,0040941050009,,N,2062,3,,
MG,6.00486E+12,38181275,481276000000000000,GOVORD,N,2054,3,,
SP,6.16747E+13,9751000,ISENTO,,N,2062,6,,
SP,4.73796E+13,5347010,14827700000000000,,N,,3,,
TO,3.72369E+12,77804050,ISENTO,,N,,6,,
SP,33757000181,12244000,ISENTO,,N,2240,6,,
SP,3.09216E+13,5432010,ISENTO,,N,,6,,
SP,3.94945E+13,6719460,ISENTO,,N,2062,6,,
PR,7.7857E+13,85813450,9059931358,,N,2062,3,,
SC,7.67269E+13,89245000,ISENTO,,N,,6,,
PR,7.75774E+13,81280120,ISENTO,,N,,6,,
SP,4.38188E+13,29780000,ISENTO,,N,2054,6,,
PE,4.78167E+12,53520810,028738772,REV,N,,6,,
SP,5.21532E+13,5417002,ISENTO,,N,2062,6,,
TO,2.46549E+13,77370000,ISENTO,,N,,6,,
PR,7.76042E+13,85823990,4100547010,,N,2062,3,,
SP,1.32808E+13,13334040,ISENTO,,N,,6,,
MS,9.65394E+12,79063000,ISENTO,,N,2062,6,,
PE,3.06536E+13,53659899,093525460,,N,2062,3,,
PA,5.28862E+13,68350071,159261961,,N,2062,3,,
RS,1.81975E+13,95703158,ISENTO,,N,,6,,
MG,2.95691E+13,30840563,0031213040078,GOVORD,N,,6,,
SP,6.18277E+13,2712080,1104400000000000,,N,2054,3,,
MA,9.2881E+13,65911080,ISENTO,,N,3999,6,,
SP,6.09676E+13,1302000,ISENTO,,N,3999,6,,
SP,1.3201E+11,3026001,11415900000000000,,N,,3,,
SC,1.87716E+13,88010120,ISENTO,,N,2062,6,,
GO,9.55211E+12,74805480,ISENTO,,N,,6,,
SP,9.04009E+13,13083100,ISENTO,,N,,6,,
SP,3.94875E+13,4511011,ISENTO,,N,,6,,
SP,4.86133E+13,13729899,64601300000000000,,N,,3,,
SP,1.10452E+13,2422010,ISENTO,,N,2062,6,,
PR,2.69084E+13,80050350,ISENTO,,N,,6,,
SP,6.2367E+13,13368000,25301700000000000,,N,,3,,
SP,1.85391E+13,6455911,ISENTO,,N,,6,,
AL,3.27853E+13,57036510,ISENTO,,N,,6,,
CE,2.67641E+13,63475000,066615348,,N,,3,,
BA,7.2554E+11,45120000,097380818,GOVORD,N,2062,3,,
SP,4.59682E+13,17780000,4220400000000000,,N,2054,3,,
SC,8.3647E+13,88815900,250004119,,N,2062,3,,
SP,4.21663E+13,12308510,39238800000000000,,N,2062,3,,
MS,1.17744E+12,79023201,284532460,,N,2062,3,,
SP,5.09846E+13,13170023,ISENTO,,N,2062,6,,
RJ,2.99904E+11,20050002,ISENTO,,N,2062,6,,
RJ,3.00976E+13,23052160,ISENTO,,N,,6,,
ES,6.11508E+13,29114035,ISENTO,,N,,3,,
SP,1.57682E+12,13083100,2446100000000000,,N,,6,,
SP,1.8416E+13,14875436,39106800000000000,,N,,6,,
MG,1.81377E+13,35348000,ISENTO,,N,,6,,
MT,1.14414E+13,78010200,139453059,,N,,3,,
MG,3.99498E+12,36578899,71312000000000000,,N,2062,3,,
SP,1.04932E+13,4533010,ISENTO,,N,,6,,
RJ,3.39274E+13,22775057,ISENTO,,N,,6,,
MG,1.17013E+13,38706420,0021452150087,,N,,3,,
SP,7.84052E+12,13208761,40750200000000000,,N,2062,3,,
AM,7.35876E+12,69059842,054102952,,N,,3,,
AM,5.6984E+13,69058830,054701678,,N,2062,3,,
SP,3.05217E+13,3018000,13638300000000000,,N,,3,,
SP,4.9641E+13,6790030,67503600000000000,,N,,3,,
GO,3.81845E+13,74280010,ISENTO,,N,2062,6,,
SC,8.96375E+13,88535000,253691320,,N,,3,,
RS,4.14513E+13,96020260,ISENTO,,N,2232,6,,
SP,1.15468E+13,6711020,27862300000000000,REV,N,,3,,
SP,6.2473E+13,13420833,53532600000000000,,N,,6,,
PR,2.96501E+12,80010010,ISENTO,GOVORD,N,,6,,
GO,3.76158E+13,74672430,ISENTO,,N,2062,6,,
SP,1.33242E+13,3019900,14231800000000000,,N,2054,3,,
MG,5.68557E+12,36490157,ISENTO,,N,3999,6,,
PR,2.21282E+13,83601170,ISENTO,,N,2062,6,,
SP,3.93501E+13,4052010,13336600000000000,,N,,3,,
SP,5.55173E+13,1311926,ISENTO,,N,,6,,
DF,6.65521E+11,70301970,ISENTO,,N,3999,6,,
SP,5.08025E+13,14091240,12186200000000000,,N,2062,3,,
RJ,3.33495E+13,22775056,ISENTO,,N,2054,6,,
MG,1.97588E+13,30360530,0023134880075,,N,,6,,
ES,6.05373E+13,29092310,ISENTO,,N,2046,6,,
SP,2.47467E+13,17503100,43868100000000000,,N,,3,,
MG,3.43709E+13,35600040,ISENTO,,N,,6,,
MG,4.27061E+13,38709899,0040941050009,,N,2062,3,,
MG,6.00486E+12,38181275,481276000000000000,GOVORD,N,2054,3,,
SP,6.16747E+13,9751000,ISENTO,,N,2062,6,,
SP,4.73796E+13,5347010,14827700000000000,,N,,3,,
TO,3.72369E+12,77804050,ISENTO,,N,,6,,
SP,33757000181,12244000,ISENTO,,N,2240,6,,
SP,3.09216E+13,5432010,ISENTO,,N,,6,,
SP,3.94945E+13,6719460,ISENTO,,N,2062,6,,
PR,7.7857E+13,85813450,9059931358,,N,2062,3,,
SC,7.67269E+13,89245000,ISENTO,,N,,6,,
PR,7.75774E+13,81280120,ISENTO,,N,,6,,
SP,4.38188E+13,29780000,ISENTO,,N,2054,6,,
PE,4.78167E+12,53520810,028738772,REV,N,,6,,
SP,5.21532E+13,5417002,ISENTO,,N,2062,6,,
TO,2.46549E+13,77370000,ISENTO,,N,,6,,
PR,7.76042E+13,85823990,4100547010,,N,2062,3,,
SP,1.32808E+13,13334040,ISENTO,,N,,6,,
MS,9.65394E+12,79063000,ISENTO,,N,2062,6,,
PE,3.06536E+13,53659899,093525460,,N,2062,3,,
PA,5.28862E+13,68350071,159261961,,N,2062,3,,
RS,1.81975E+13,95703158,ISENTO,,N,,6,,
MG,2.95691E+13,30840563,0031213040078,GOVORD,N,,6,,
SP,6.18277E+13,2712080,1104400000000000,,N,2054,3,,
MA,9.2881E+13,65911080,ISENTO,,N,3999,6,,
SP,6.09676E+13,1302000,ISENTO,,N,3999,6,,
SP,1.3201E+11,3026001,11415900000000000,,N,,3,,
SC,1.87716E+13,88010120,ISENTO,,N,2062,6,,
GO,9.55211E+12,74805480,ISENTO,,N,,6,,
SP,9.04009E+13,13083100,ISENTO,,N,,6,,
SP,3.94875E+13,4511011,ISENTO,,N,,6,,
SP,4.86133E+13,13729899,64601300000000000,,N,,3,,
SP,1.10452E+13,2422010,ISENTO,,N,2062,6,,
PR,2.69084E+13,80050350,ISENTO,,N,,6,,
SP,6.2367E+13,13368000,25301700000000000,,N,,3,,
SP,1.85391E+13,6455911,ISENTO,,N,,6,,
AL,3.27853E+13,57036510,ISENTO,,N,,6,,
CE,2.67641E+13,63475000,066615348,,N,,3,,
BA,7.2554E+11,45120000,097380818,GOVORD,N,2062,3,,
SP,4.59682E+13,17780000,4220400000000000,,N,2054,3,,
SC,8.3647E+13,88815900,250004119,,N,2062,3,,
SP,4.21663E+13,12308510,39238800000000000,,N,2062,3,,
MS,1.17744E+12,79023201,284532460,REV,N,2062,3,,
SP,5.09846E+13,13170023,ISENTO,,N,2062,6,,
RJ,2.99904E+11,20050002,ISENTO,,N,2062,6,,
RJ,3.00976E+13,23052160,ISENTO,,N,,6,,
ES,6.11508E+13,29114035,ISENTO,,N,,3,,
SP,1.57682E+12,13083100,2446100000000000,,N,,6,,
SP,1.8416E+13,14875436,39106800000000000,,N,,6,,
MG,1.81377E+13,35348000,ISENTO,,N,,6,,
MT,1.14414E+13,78010200,139453059,,N,,3,,
MG,3.99498E+12,36578899,71312000000000000,,N,2062,3,,
SP,1.04932E+13,4533010,ISENTO,,N,,6,,
RJ,3.39274E+13,22775057,ISENTO,,N,,6,,
MG,1.17013E+13,38706420,0021452150087,,N,,3,,
SP,7.84052E+12,13208761,40750200000000000,,N,2062,3,,
AM,7.35876E+12,69059842,054102952,AMOC,N,,3,,
AM,5.6984E+13,69058830,054701678,,N,2062,3,,
SP,3.05217E+13,3018000,13638300000000000,,N,,3,,
SP,4.9641E+13,6790030,67503600000000000,,N,,3,,
GO,3.81845E+13,74280010,ISENTO,,N,2062,6,,
SC,8.96375E+13,88535000,253691320,,N,,3,,
RS,4.14513E+13,96020260,ISENTO,,N,2232,6,,
SP,1.15468E+13,6711020,27862300000000000,,N,,3,,
SP,6.2473E+13,13420833,53532600000000000,,N,,6,,
PR,2.96501E+12,80010010,ISENTO,GOVORD,N,,6,,
GO,3.76158E+13,74672430,ISENTO,,N,2062,6,,
SP,1.33242E+13,3019900,14231800000000000,REV,N,2054,3,,
MG,5.68557E+12,36490157,ISENTO,,N,3999,6,,
PR,2.21282E+13,83601170,ISENTO,,N,2062,6,,
SP,3.93501E+13,4052010,13336600000000000,,N,,3,,
SP,5.55173E+13,1311926,ISENTO,,N,,6,,
DF,6.65521E+11,70301970,ISENTO,,N,3999,6,,
SP,5.08025E+13,14091240,12186200000000000,,N,2062,3,,
RJ,3.33495E+13,22775056,ISENTO,,N,2054,6,,
MG,1.97588E+13,30360530,0023134880075,,N,,6,,
ES,6.05373E+13,29092310,ISENTO,,N,2046,6,,
SP,2.47467E+13,17503100,43868100000000000,,N,,3,,
MG,3.43709E+13,35600040,ISENTO,,N,,6,,
MG,4.27061E+13,38709899,0040941050009,,N,2062,3,,
MG,6.00486E+12,38181275,481276000000000000,GOVORD,N,2054,3,,
SP,6.16747E+13,9751000,ISENTO,,N,2062,6,,
SP,4.73796E+13,5347010,14827700000000000,,N,,3,,
TO,3.72369E+12,77804050,ISENTO,,N,,6,,
SP,33757000181,12244000,ISENTO,,N,2240,6,,
SP,3.09216E+13,5432010,ISENTO,,N,,6,,
SP,3.94945E+13,6719460,ISENTO,,N,2062,6,,
PR,7.7857E+13,85813450,9059931358,,N,2062,3,,
SC,7.67269E+13,89245000,ISENTO,,N,,6,,
PR,7.75774E+13,81280120,ISENTO,,N,,6,,
SP,4.38188E+13,29780000,ISENTO,,N,2054,6,,
PE,4.78167E+12,53520810,028738772,REV,N,,6,,
SP,5.21532E+13,5417002,ISENTO,,N,2062,6,,
TO,2.46549E+13,77370000,ISENTO,,N,,6,,
PR,7.76042E+13,85823990,4100547010,,N,2062,3,,
SP,1.32808E+13,13334040,ISENTO,,N,,6,,
MS,9.65394E+12,79063000,ISENTO,,N,2062,6,,
PE,3.06536E+13,53659899,093525460,,N,2062,3,,
PA,5.28862E+13,68350071,159261961,,N,2062,3,,
RS,1.81975E+13,95703158,ISENTO,,N,,6,,
MG,2.95691E+13,30840563,0031213040078,GOVORD,N,,6,,
SP,6.18277E+13,2712080,1104400000000000,,N,2054,3,,
MA,9.2881E+13,65911080,ISENTO,,N,3999,6,,
SP,6.09676E+13,1302000,ISENTO,,N,3999,6,,
SP,1.3201E+11,3026001,11415900000000000,,N,,3,,
SC,1.87716E+13,88010120,ISENTO,,N,2062,6,,
GO,9.55211E+12,74805480,ISENTO,,N,,6,,
SP,9.04009E+13,13083100,ISENTO,,N,,6,,
SP,3.94875E+13,4511011,ISENTO,,N,,6,,
SP,4.86133E+13,13729899,64601300000000000,,N,,3,,
SP,1.10452E+13,2422010,ISENTO,,N,2062,6,,
PR,2.69084E+13,80050350,ISENTO,,N,,6,,
SP,6.2367E+13,13368000,25301700000000000,,N,,3,,
SP,1.85391E+13,6455911,ISENTO,,N,,6,,
AL,3.27853E+13,57036510,ISENTO,,N,,6,,
CE,2.67641E+13,63475000,066615348,,N,,3,,
BA,7.2554E+11,45120000,097380818,GOVORD,N,2062,3,,
SP,4.59682E+13,17780000,4220400000000000,,N,2054,3,,
SC,8.3647E+13,88815900,250004119,,N,2062,3,,
SP,4.21663E+13,12308510,39238800000000000,REV,N,2062,3,,
MS,1.17744E+12,79023201,284532460,,N,2062,3,,
SP,5.09846E+13,13170023,ISENTO,,N,2062,6,,
RJ,2.99904E+11,20050002,ISENTO,,N,2062,6,,
RJ,3.00976E+13,23052160,ISENTO,,N,,6,,
ES,6.11508E+13,29114035,ISENTO,,N,,3,,
SP,1.57682E+12,13083100,2446100000000000,,N,,6,,
SP,1.8416E+13,14875436,39106800000000000,,N,,6,,
MG,1.81377E+13,35348000,ISENTO,,N,,6,,
MT,1.14414E+13,78010200,139453059,,N,,3,,
MG,3.99498E+12,36578899,71312000000000000,,N,2062,3,,
SP,1.04932E+13,4533010,ISENTO,,N,,6,,
RJ,3.39274E+13,22775057,ISENTO,,N,,6,,
MG,1.17013E+13,38706420,0021452150087,,N,,3,,
SP,7.84052E+12,13208761,40750200000000000,,N,2062,3,,
AM,7.35876E+12,69059842,054102952,AMOC,N,,3,,
AM,5.6984E+13,69058830,054701678,,N,2062,3,,
SP,3.05217E+13,3018000,13638300000000000,,N,,3,,
SP,4.9641E+13,6790030,67503600000000000,,N,,3,,
GO,3.81845E+13,74280010,ISENTO,,N,2062,6,,
SC,8.96375E+13,88535000,253691320,,N,,3,,
RS,4.14513E+13,96020260,ISENTO,,N,2232,6,,
SP,1.15468E+13,6711020,27862300000000000,REV,N,,3,,
SP,6.2473E+13,13420833,53532600000000000,,N,,6,,
PR,2.96501E+12,80010010,ISENTO,GOVORD,N,,6,,
GO,3.76158E+13,74672430,ISENTO,,N,2062,6,,
SP,1.33242E+13,3019900,14231800000000000,,N,2054,3,,
MG,5.68557E+12,36490157,ISENTO,,N,3999,6,,
PR,2.21282E+13,83601170,ISENTO,,N,2062,6,,
SP,3.93501E+13,4052010,13336600000000000,,N,,3,,
SP,5.55173E+13,1311926,ISENTO,,N,,6,,
DF,6.65521E+11,70301970,ISENTO,,N,3999,6,,
SP,5.08025E+13,14091240,12186200000000000,,N,2062,3,,
RJ,3.33495E+13,22775056,ISENTO,,N,2054,6,,
MG,1.97588E+13,30360530,0023134880075,,N,,6,,
ES,6.05373E+13,29092310,ISENTO,,N,2046,6,,
SP,2.47467E+13,17503100,43868100000000000,,N,,3,,
MG,3.43709E+13,35600040,ISENTO,,N,,6,,
MG,4.27061E+13,38709899,0040941050009,,N,2062,3,,
MG,6.00486E+12,38181275,481276000000000000,GOVORD,N,2054,3,,
SP,6.16747E+13,9751000,ISENTO,,N,2062,6,,
SP,4.73796E+13,5347010,14827700000000000,,N,,3,,
TO,3.72369E+12,77804050,ISENTO,,N,,6,,
SP,33757000181,12244000,ISENTO,,N,2240,6,,
SP,3.09216E+13,5432010,ISENTO,,N,,6,,
SP,3.94945E+13,6719460,ISENTO,,N,2062,6,,
PR,7.7857E+13,85813450,9059931358,,N,2062,3,,
SC,7.67269E+13,89245000,ISENTO,,N,,6,,
PR,7.75774E+13,81280120,ISENTO,,N,,6,,
SP,4.38188E+13,29780000,ISENTO,,N,2054,6,,
PE,4.78167E+12,53520810,028738772,,N,,6,,
SP,5.21532E+13,5417002,ISENTO,,N,2062,6,,
TO,2.46549E+13,77370000,ISENTO,,N,,6,,
PR,7.76042E+13,85823990,4100547010,REV,N,2062,3,,
SP,1.32808E+13,13334040,ISENTO,,N,,6,,
MS,9.65394E+12,79063000,ISENTO,,N,2062,6,,
PE,3.06536E+13,53659899,093525460,,N,2062,3,,
PA,5.28862E+13,68350071,159261961,,N,2062,3,,
RS,1.81975E+13,95703158,ISENTO,,N,,6,,
MG,2.95691E+13,30840563,0031213040078,GOVORD,N,,6,,
SP,6.18277E+13,2712080,1104400000000000,,N,2054,3,,
MA,9.2881E+13,65911080,ISENTO,,N,3999,6,,
SP,6.09676E+13,1302000,ISENTO,,N,3999,6,,
SP,1.3201E+11,3026001,11415900000000000,,N,,3,,
SC,1.87716E+13,88010120,ISENTO,,N,2062,6,,
GO,9.55211E+12,74805480,ISENTO,,N,,6,,
SP,9.04009E+13,13083100,ISENTO,,N,,6,,
SP,3.94875E+13,4511011,ISENTO,,N,,6,,
SP,4.86133E+13,13729899,64601300000000000,,N,,3,,
SP,1.10452E+13,2422010,ISENTO,,N,2062,6,,
PR,2.69084E+13,80050350,ISENTO,,N,,6,,
SP,6.2367E+13,13368000,25301700000000000,,N,,3,,
SP,1.85391E+13,6455911,ISENTO,,N,,6,,
AL,3.27853E+13,57036510,ISENTO,,N,,6,,
CE,2.67641E+13,63475000,066615348,,N,,3,,
BA,7.2554E+11,45120000,097380818,GOVORD,N,2062,3,,
SP,4.59682E+13,17780000,4220400000000000,,N,2054,3,,
SC,8.3647E+13,88815900,250004119,,N,2062,3,,
SP,4.21663E+13,12308510,39238800000000000,,N,2062,3,,
MS,1.17744E+12,79023201,284532460,,N,2062,3,,
SP,5.09846E+13,13170023,ISENTO,,N,2062,6,,
RJ,2.99904E+11,20050002,ISENTO,,N,2062,6,,
RJ,3.00976E+13,23052160,ISENTO,,N,,6,,
ES,6.11508E+13,29114035,ISENTO,,N,,3,,
SP,1.57682E+12,13083100,2446100000000000,,N,,6,,
SP,1.8416E+13,14875436,39106800000000000,,N,,6,,
MG,1.81377E+13,35348000,ISENTO,,N,,6,,
MT,1.14414E+13,78010200,139453059,AMOC,N,,3,,
MG,3.99498E+12,36578899,71312000000000000,,N,2062,3,,
SP,1.04932E+13,4533010,ISENTO,,N,,6,,
RJ,3.39274E+13,22775057,ISENTO,,N,,6,,
MG,1.17013E+13,38706420,0021452150087,,N,,3,,
SP,7.84052E+12,13208761,40750200000000000,,N,2062,3,,
AM,7.35876E+12,69059842,054102952,,N,,3,,
AM,5.6984E+13,69058830,054701678,ZFM,N,2062,3,,1111111111
SP,3.05217E+13,3018000,13638300000000000,,N,,3,,
SP,4.9641E+13,6790030,67503600000000000,,N,,3,,
GO,3.81845E+13,74280010,ISENTO,,N,2062,6,,
SC,8.96375E+13,88535000,253691320,,N,,3,,
RS,4.14513E+13,96020260,ISENTO,,N,2232,6,,
SP,1.15468E+13,6711020,27862300000000000,,N,,3,,
SP,6.2473E+13,13420833,53532600000000000,,N,,6,,
PR,2.96501E+12,80010010,ISENTO,GOVORD,N,,6,,
GO,3.76158E+13,74672430,ISENTO,,N,2062,6,,
SP,1.33242E+13,3019900,14231800000000000,,N,2054,3,,
MG,5.68557E+12,36490157,ISENTO,,N,3999,6,,
PR,2.21282E+13,83601170,ISENTO,,N,2062,6,,
SP,3.93501E+13,4052010,13336600000000000,,N,,3,,
SP,5.55173E+13,1311926,ISENTO,,N,,6,,
DF,6.65521E+11,70301970,ISENTO,,N,3999,6,,
SP,5.08025E+13,14091240,12186200000000000,,N,2062,3,,
RJ,3.33495E+13,22775056,ISENTO,,N,2054,6,,
MG,1.97588E+13,30360530,0023134880075,,N,,6,,
ES,6.05373E+13,29092310,ISENTO,,N,2046,6,,
SP,2.47467E+13,17503100,43868100000000000,,N,,3,,
MG,3.43709E+13,35600040,ISENTO,,N,,6,,
MG,4.27061E+13,38709899,0040941050009,,N,2062,3,,
MG,6.00486E+12,38181275,481276000000000000,GOVORD,N,2054,3,,
SP,6.16747E+13,9751000,ISENTO,,N,2062,6,,
SP,4.73796E+13,5347010,14827700000000000,,N,,3,,
TO,3.72369E+12,77804050,ISENTO,,N,,6,,
SP,33757000181,12244000,ISENTO,,N,2240,6,,
SP,3.09216E+13,5432010,ISENTO,,N,,6,,
SP,3.94945E+13,6719460,ISENTO,,N,2062,6,,
PR,7.7857E+13,85813450,9059931358,,N,2062,3,,
SC,7.67269E+13,89245000,ISENTO,,N,,6,,
PR,7.75774E+13,81280120,ISENTO,,N,,6,,
SP,4.38188E+13,29780000,ISENTO,,N,2054,6,,
PE,4.78167E+12,53520810,028738772,,N,,6,,
SP,5.21532E+13,5417002,ISENTO,,N,2062,6,,
TO,2.46549E+13,77370000,ISENTO,,N,,6,,
PR,7.76042E+13,85823990,4100547010,,N,2062,3,,
SP,1.32808E+13,13334040,ISENTO,,N,,6,,
MS,9.65394E+12,79063000,ISENTO,,N,2062,6,,
PE,3.06536E+13,53659899,093525460,,N,2062,3,,
PA,5.28862E+13,68350071,159261961,,N,2062,3,,
RS,1.81975E+13,95703158,ISENTO,,N,,6,,
MG,2.95691E+13,30840563,0031213040078,GOVORD,N,,6,,
SP,6.18277E+13,2712080,1104400000000000,,N,2054,3,,
MA,9.2881E+13,65911080,ISENTO,,N,3999,6,,
SP,6.09676E+13,1302000,ISENTO,,N,3999,6,,
SP,1.3201E+11,3026001,11415900000000000,,N,,3,,
SC,1.87716E+13,88010120,ISENTO,,N,2062,6,,
GO,9.55211E+12,74805480,ISENTO,,N,,6,,
SP,9.04009E+13,13083100,ISENTO,,N,,6,,
SP,3.94875E+13,4511011,ISENTO,,N,,6,,
SP,4.86133E+13,13729899,64601300000000000,,N,,3,,
SP,1.10452E+13,2422010,ISENTO,,N,2062,6,,
PR,2.69084E+13,80050350,ISENTO,,N,,6,,
SP,6.2367E+13,13368000,25301700000000000,,N,,3,,
SP,1.85391E+13,6455911,ISENTO,,N,,6,,
AL,3.27853E+13,57036510,ISENTO,,N,,6,,
CE,2.67641E+13,63475000,066615348,,N,,3,,
BA,7.2554E+11,45120000,097380818,GOVORD,N,2062,3,,
SP,4.59682E+13,17780000,4220400000000000,,N,2054,3,,
SC,8.3647E+13,88815900,250004119,,N,2062,3,,
SP,4.21663E+13,12308510,39238800000000000,,N,2062,3,,
MS,1.17744E+12,79023201,284532460,,N,2062,3,,
SP,5.09846E+13,13170023,ISENTO,,N,2062,6,,
RJ,2.99904E+11,20050002,ISENTO,,N,2062,6,,
RJ,3.00976E+13,23052160,ISENTO,,N,,6,,
ES,6.11508E+13,29114035,ISENTO,,N,,3,,
SP,1.57682E+12,13083100,2446100000000000,,N,,6,,
SP,1.8416E+13,14875436,39106800000000000,,N,,6,,
MG,1.81377E+13,35348000,ISENTO,,N,,6,,
MT,1.14414E+13,78010200,139453059,,N,,3,,
MG,3.99498E+12,36578899,71312000000000000,,N,2062,3,,
SP,1.04932E+13,4533010,ISENTO,,N,,6,,
RJ,3.39274E+13,22775057,ISENTO,,N,,6,,
MG,1.17013E+13,38706420,0021452150087,,N,,3,,
SP,7.84052E+12,13208761,40750200000000000,,N,2062,3,,
AM,7.35876E+12,69059842,054102952,,N,,3,,
AM,5.6984E+13,69058830,054701678,,N,2062,3,,
SP,3.05217E+13,3018000,13638300000000000,,N,,3,,
SP,4.9641E+13,6790030,67503600000000000,,N,,3,,
GO,3.81845E+13,74280010,ISENTO,,N,2062,6,,
SC,8.96375E+13,88535000,253691320,,N,,3,,
RS,4.14513E+13,96020260,ISENTO,,N,2232,6,,
SP,1.15468E+13,6711020,27862300000000000,,N,,3,,
SP,6.2473E+13,13420833,53532600000000000,,N,,6,,
PR,2.96501E+12,80010010,ISENTO,GOVORD,N,,6,,
GO,3.76158E+13,74672430,ISENTO,,N,2062,6,,
SP,1.33242E+13,3019900,14231800000000000,,N,2054,3,,
MG,5.68557E+12,36490157,ISENTO,,N,3999,6,,
PR,2.21282E+13,83601170,ISENTO,,N,2062,6,,
SP,3.93501E+13,4052010,13336600000000000,,N,,3,,
SP,5.55173E+13,1311926,ISENTO,,N,,6,,
DF,6.65521E+11,70301970,ISENTO,,N,3999,6,,
SP,5.08025E+13,14091240,12186200000000000,,N,2062,3,,
RJ,3.33495E+13,22775056,ISENTO,,N,2054,6,,
MG,1.97588E+13,30360530,0023134880075,,N,,6,,
ES,6.05373E+13,29092310,ISENTO,,N,2046,6,,
SP,2.47467E+13,17503100,43868100000000000,,N,,3,,
MG,3.43709E+13,35600040,ISENTO,,N,,6,,
MG,4.27061E+13,38709899,0040941050009,,N,2062,3,,
MG,6.00486E+12,38181275,481276000000000000,GOVORD,N,2054,3,,
SP,6.16747E+13,9751000,ISENTO,,N,2062,6,,
SP,4.73796E+13,5347010,14827700000000000,,N,,3,,
TO,3.72369E+12,77804050,ISENTO,,N,,6,,
SP,33757000181,12244000,ISENTO,,N,2240,6,,
SP,3.09216E+13,5432010,ISENTO,,N,,6,,
SP,3.94945E+13,6719460,ISENTO,,N,2062,6,,
PR,7.7857E+13,85813450,9059931358,,N,2062,3,,
SC,7.67269E+13,89245000,ISENTO,,N,,6,,
PR,7.75774E+13,81280120,ISENTO,,N,,6,,
SP,4.38188E+13,29780000,ISENTO,,N,2054,6,,
PE,4.78167E+12,53520810,028738772,,N,,6,,
SP,5.21532E+13,5417002,ISENTO,,N,2062,6,,
TO,2.46549E+13,77370000,ISENTO,,N,,6,,
PR,7.76042E+13,85823990,4100547010,,N,2062,3,,
SP,1.32808E+13,13334040,ISENTO,,N,,6,,
MS,9.65394E+12,79063000,ISENTO,,N,2062,6,,
PE,3.06536E+13,53659899,093525460,,N,2062,3,,
PA,5.28862E+13,68350071,159261961,,N,2062,3,,
RS,1.81975E+13,95703158,ISENTO,,N,,6,,
MG,2.95691E+13,30840563,0031213040078,GOVORD,N,,6,,
SP,6.18277E+13,2712080,1104400000000000,,N,2054,3,,
MA,9.2881E+13,65911080,IS,,,,,,
